Date,"Daily foreign exchange rates, 31 December 1979 ? 31 December 1998"
12/31/1979,1.726
1/2/1980,1.714
1/3/1980,1.711
1/4/1980,1.713
1/7/1980,1.708
1/8/1980,1.713
1/9/1980,1.712
1/10/1980,1.717
1/11/1980,1.721
1/14/1980,1.719
1/15/1980,1.728
1/16/1980,1.722
1/17/1980,1.724
1/18/1980,1.724
1/21/1980,1.729
1/22/1980,1.734
1/23/1980,1.73
1/24/1980,1.732
1/25/1980,1.737
1/28/1980,1.739
1/29/1980,1.737
1/30/1980,1.737
1/31/1980,1.744
2/1/1980,1.744
2/4/1980,1.742
2/5/1980,1.743
2/6/1980,1.733
2/7/1980,1.739
2/8/1980,1.739
2/11/1980,1.739
2/13/1980,1.735
2/14/1980,1.736
2/15/1980,1.742
2/19/1980,1.748
2/20/1980,1.748
2/21/1980,1.747
2/22/1980,1.759
2/25/1980,1.762
2/26/1980,1.764
2/27/1980,1.758
2/28/1980,1.764
2/29/1980,1.777
3/3/1980,1.783
3/4/1980,1.791
3/5/1980,1.789
3/6/1980,1.795
3/7/1980,1.796
3/10/1980,1.81
3/11/1980,1.812
3/12/1980,1.808
3/13/1980,1.822
3/14/1980,1.833
3/17/1980,1.874
3/18/1980,1.877
3/19/1980,1.873
3/20/1980,1.866
3/21/1980,1.878
3/24/1980,1.888
3/25/1980,1.897
3/26/1980,1.897
3/27/1980,1.92
3/28/1980,1.932
3/31/1980,1.952
4/1/1980,1.962
4/2/1980,1.955
4/3/1980,1.964
4/4/1980,1.97
4/7/1980,1.975
4/8/1980,1.941
4/9/1980,1.89
4/10/1980,1.877
4/11/1980,1.877
4/14/1980,1.872
4/15/1980,1.895
4/16/1980,1.86
4/17/1980,1.857
4/18/1980,1.854
4/21/1980,1.849
4/22/1980,1.862
4/23/1980,1.823
4/24/1980,1.82
4/25/1980,1.813
4/28/1980,1.798
4/29/1980,1.797
4/30/1980,1.8
5/1/1980,1.802
5/2/1980,1.824
5/5/1980,1.796
5/6/1980,1.793
5/7/1980,1.786
5/8/1980,1.793
5/9/1980,1.812
5/12/1980,1.791
5/13/1980,1.794
5/14/1980,1.789
5/15/1980,1.791
5/16/1980,1.794
5/19/1980,1.803
5/20/1980,1.803
5/21/1980,1.788
5/22/1980,1.79
5/23/1980,1.779
5/27/1980,1.762
5/28/1980,1.772
5/29/1980,1.779
5/30/1980,1.779
6/2/1980,1.783
6/3/1980,1.775
6/4/1980,1.774
6/5/1980,1.775
6/6/1980,1.772
6/9/1980,1.762
6/10/1980,1.762
6/11/1980,1.766
6/12/1980,1.763
6/13/1980,1.755
6/16/1980,1.768
6/17/1980,1.763
6/18/1980,1.764
6/19/1980,1.767
6/20/1980,1.768
6/23/1980,1.767
6/24/1980,1.77
6/25/1980,1.769
6/26/1980,1.765
6/27/1980,1.764
6/30/1980,1.764
7/1/1980,1.762
7/2/1980,1.759
7/3/1980,1.756
7/7/1980,1.739
7/8/1980,1.74
7/9/1980,1.741
7/10/1980,1.738
7/11/1980,1.739
7/14/1980,1.744
7/15/1980,1.748
7/16/1980,1.744
7/17/1980,1.736
7/18/1980,1.747
7/21/1980,1.742
7/22/1980,1.739
7/23/1980,1.74
7/24/1980,1.735
7/25/1980,1.739
7/28/1980,1.734
7/29/1980,1.759
7/30/1980,1.777
7/31/1980,1.781
8/1/1980,1.793
8/4/1980,1.785
8/5/1980,1.776
8/6/1980,1.769
8/7/1980,1.782
8/8/1980,1.783
8/11/1980,1.783
8/12/1980,1.78
8/13/1980,1.782
8/14/1980,1.786
8/15/1980,1.787
8/18/1980,1.798
8/19/1980,1.8
8/20/1980,1.797
8/21/1980,1.796
8/22/1980,1.807
8/25/1980,1.805
8/26/1980,1.802
8/27/1980,1.8
8/28/1980,1.787
8/29/1980,1.792
9/2/1980,1.778
9/3/1980,1.776
9/4/1980,1.777
9/5/1980,1.782
9/8/1980,1.777
9/9/1980,1.78
9/10/1980,1.779
9/11/1980,1.778
9/12/1980,1.78
9/15/1980,1.783
9/16/1980,1.784
9/17/1980,1.781
9/18/1980,1.792
9/19/1980,1.794
9/22/1980,1.807
9/23/1980,1.812
9/24/1980,1.795
9/25/1980,1.798
9/26/1980,1.802
9/29/1980,1.814
9/30/1980,1.813
10/1/1980,1.809
10/2/1980,1.812
10/3/1980,1.811
10/6/1980,1.799
10/7/1980,1.805
10/8/1980,1.804
10/9/1980,1.805
10/10/1980,1.804
10/14/1980,1.817
10/15/1980,1.826
10/16/1980,1.828
10/17/1980,1.844
10/20/1980,1.865
10/21/1980,1.862
10/22/1980,1.864
10/23/1980,1.863
10/24/1980,1.867
10/27/1980,1.879
10/28/1980,1.894
10/29/1980,1.885
10/30/1980,1.898
10/31/1980,1.906
11/3/1980,1.916
11/5/1980,1.943
11/6/1980,1.946
11/7/1980,1.958
11/10/1980,1.902
11/12/1980,1.901
11/13/1980,1.893
11/14/1980,1.905
11/17/1980,1.931
11/18/1980,1.919
11/19/1980,1.903
11/20/1980,1.915
11/21/1980,1.917
11/24/1980,1.917
11/25/1980,1.911
11/26/1980,1.921
11/28/1980,1.927
12/1/1980,1.941
12/2/1980,1.948
12/3/1980,1.94
12/4/1980,1.944
12/5/1980,1.961
12/8/1980,1.963
12/9/1980,1.983
12/10/1980,2.007
12/11/1980,2.019
12/12/1980,2.007
12/15/1980,1.99
12/16/1980,2.019
12/17/1980,1.979
12/18/1980,1.993
12/19/1980,1.974
12/22/1980,1.957
12/23/1980,1.953
12/24/1980,1.943
12/26/1980,1.943
12/29/1980,1.955
12/30/1980,1.952
12/31/1980,1.974
1/2/1981,1.975
1/5/1981,1.939
1/6/1981,1.935
1/7/1981,1.948
1/8/1981,1.963
1/9/1981,1.979
1/12/1981,1.985
1/13/1981,2.001
1/14/1981,1.993
1/15/1981,2.001
1/16/1981,2.007
1/19/1981,2.009
1/20/1981,2
1/21/1981,1.994
1/22/1981,2.025
1/23/1981,2.035
1/26/1981,2.052
1/27/1981,2.071
1/28/1981,2.085
1/29/1981,2.094
1/30/1981,2.132
2/2/1981,2.121
2/3/1981,2.135
2/4/1981,2.114
2/5/1981,2.146
2/6/1981,2.141
2/9/1981,2.138
2/10/1981,2.148
2/11/1981,2.15
2/13/1981,2.22
2/17/1981,2.196
2/18/1981,2.188
2/19/1981,2.132
2/20/1981,2.096
2/23/1981,2.112
2/24/1981,2.116
2/25/1981,2.107
2/26/1981,2.116
2/27/1981,2.131
3/2/1981,2.152
3/3/1981,2.153
3/4/1981,2.138
3/5/1981,2.139
3/6/1981,2.136
3/9/1981,2.109
3/10/1981,2.108
3/11/1981,2.116
3/12/1981,2.113
3/13/1981,2.11
3/16/1981,2.092
3/17/1981,2.088
3/18/1981,2.056
3/19/1981,2.05
3/20/1981,2.068
3/23/1981,2.087
3/24/1981,2.082
3/25/1981,2.086
3/26/1981,2.113
3/27/1981,2.125
3/30/1981,2.098
3/31/1981,2.111
4/1/1981,2.098
4/2/1981,2.112
4/3/1981,2.127
4/6/1981,2.157
4/7/1981,2.119
4/8/1981,2.133
4/9/1981,2.144
4/10/1981,2.153
4/13/1981,2.172
4/14/1981,2.166
4/15/1981,2.179
4/16/1981,2.188
4/17/1981,2.19
4/20/1981,2.185
4/21/1981,2.182
4/22/1981,2.163
4/23/1981,2.175
4/24/1981,2.178
4/27/1981,2.182
4/28/1981,2.187
4/29/1981,2.213
4/30/1981,2.211
5/1/1981,2.203
5/4/1981,2.245
5/5/1981,2.266
5/6/1981,2.258
5/7/1981,2.275
5/8/1981,2.255
5/11/1981,2.284
5/12/1981,2.296
5/13/1981,2.296
5/14/1981,2.311
5/15/1981,2.309
5/18/1981,2.305
5/19/1981,2.309
5/20/1981,2.298
5/21/1981,2.323
5/22/1981,2.316
5/26/1981,2.334
5/27/1981,2.346
5/28/1981,2.325
5/29/1981,2.33
6/1/1981,2.335
6/2/1981,2.371
6/3/1981,2.361
6/4/1981,2.414
6/5/1981,2.411
6/8/1981,2.405
6/9/1981,2.403
6/10/1981,2.372
6/11/1981,2.405
6/12/1981,2.395
6/15/1981,2.346
6/16/1981,2.348
6/17/1981,2.349
6/18/1981,2.372
6/19/1981,2.378
6/22/1981,2.363
6/23/1981,2.356
6/24/1981,2.37
6/25/1981,2.393
6/26/1981,2.388
6/29/1981,2.393
6/30/1981,2.394
7/1/1981,2.413
7/2/1981,2.412
7/3/1981,2.416
7/6/1981,2.449
7/7/1981,2.444
7/8/1981,2.476
7/9/1981,2.466
7/10/1981,2.439
7/13/1981,2.423
7/14/1981,2.448
7/15/1981,2.408
7/16/1981,2.411
7/17/1981,2.427
7/20/1981,2.447
7/21/1981,2.47
7/22/1981,2.441
7/23/1981,2.446
7/24/1981,2.438
7/27/1981,2.436
7/28/1981,2.441
7/29/1981,2.458
7/30/1981,2.457
7/31/1981,2.471
8/3/1981,2.527
8/4/1981,2.535
8/5/1981,2.51
8/6/1981,2.522
8/7/1981,2.532
8/10/1981,2.571
8/11/1981,2.559
8/12/1981,2.499
8/13/1981,2.517
8/14/1981,2.527
8/17/1981,2.497
8/18/1981,2.498
8/19/1981,2.498
8/20/1981,2.471
8/21/1981,2.449
8/24/1981,2.474
8/25/1981,2.504
8/26/1981,2.465
8/27/1981,2.476
8/28/1981,2.451
8/31/1981,2.448
9/1/1981,2.456
9/2/1981,2.44
9/3/1981,2.426
9/4/1981,2.411
9/8/1981,2.437
9/9/1981,2.43
9/10/1981,2.399
9/11/1981,2.401
9/14/1981,2.376
9/15/1981,2.338
9/16/1981,2.307
9/17/1981,2.28
9/18/1981,2.27
9/21/1981,2.23
9/22/1981,2.282
9/23/1981,2.3
9/24/1981,2.317
9/25/1981,2.323
9/28/1981,2.34
9/29/1981,2.311
9/30/1981,2.325
10/1/1981,2.323
10/2/1981,2.294
10/5/1981,2.225
10/6/1981,2.253
10/7/1981,2.219
10/8/1981,2.206
10/9/1981,2.191
10/13/1981,2.222
10/14/1981,2.223
10/15/1981,2.23
10/16/1981,2.238
10/19/1981,2.233
10/20/1981,2.237
10/21/1981,2.273
10/22/1981,2.282
10/23/1981,2.275
10/26/1981,2.31
10/27/1981,2.306
10/28/1981,2.291
10/29/1981,2.27
10/30/1981,2.244
11/2/1981,2.223
11/4/1981,2.212
11/5/1981,2.225
11/6/1981,2.222
11/9/1981,2.206
11/10/1981,2.229
11/12/1981,2.212
11/13/1981,2.222
11/16/1981,2.241
11/17/1981,2.252
11/18/1981,2.236
11/19/1981,2.244
11/20/1981,2.259
11/23/1981,2.253
11/24/1981,2.23
11/25/1981,2.232
11/27/1981,2.216
11/30/1981,2.214
12/1/1981,2.224
12/2/1981,2.218
12/3/1981,2.232
12/4/1981,2.227
12/7/1981,2.241
12/8/1981,2.249
12/9/1981,2.241
12/10/1981,2.254
12/11/1981,2.261
12/14/1981,2.283
12/15/1981,2.268
12/16/1981,2.278
12/17/1981,2.277
12/18/1981,2.292
12/21/1981,2.284
12/22/1981,2.273
12/23/1981,2.275
12/24/1981,2.268
12/28/1981,2.27
12/29/1981,2.272
12/30/1981,2.251
12/31/1981,2.238
1/4/1982,2.241
1/5/1982,2.262
1/6/1982,2.246
1/7/1982,2.261
1/8/1982,2.259
1/11/1982,2.284
1/12/1982,2.287
1/13/1982,2.293
1/14/1982,2.306
1/15/1982,2.312
1/18/1982,2.298
1/19/1982,2.295
1/20/1982,2.309
1/21/1982,2.297
1/22/1982,2.309
1/25/1982,2.338
1/26/1982,2.314
1/27/1982,2.323
1/28/1982,2.328
1/29/1982,2.317
2/1/1982,2.35
2/2/1982,2.353
2/3/1982,2.36
2/4/1982,2.342
2/5/1982,2.345
2/8/1982,2.358
2/9/1982,2.375
2/10/1982,2.367
2/11/1982,2.367
2/16/1982,2.396
2/17/1982,2.399
2/18/1982,2.366
2/19/1982,2.365
2/22/1982,2.352
2/23/1982,2.373
2/24/1982,2.367
2/25/1982,2.37
2/26/1982,2.388
3/1/1982,2.388
3/2/1982,2.377
3/3/1982,2.372
3/4/1982,2.365
3/5/1982,2.344
3/8/1982,2.343
3/9/1982,2.368
3/10/1982,2.358
3/11/1982,2.371
3/12/1982,2.38
3/15/1982,2.374
3/16/1982,2.378
3/17/1982,2.373
3/18/1982,2.375
3/19/1982,2.384
3/22/1982,2.391
3/23/1982,2.385
3/24/1982,2.387
3/25/1982,2.394
3/26/1982,2.396
3/29/1982,2.415
3/30/1982,2.408
3/31/1982,2.418
4/1/1982,2.403
4/2/1982,2.398
4/5/1982,2.408
4/6/1982,2.414
4/7/1982,2.414
4/8/1982,2.423
4/9/1982,2.423
4/12/1982,2.42
4/13/1982,2.412
4/14/1982,2.419
4/15/1982,2.425
4/16/1982,2.422
4/19/1982,2.41
4/20/1982,2.399
4/21/1982,2.395
4/22/1982,2.396
4/23/1982,2.388
4/26/1982,2.374
4/27/1982,2.369
4/28/1982,2.356
4/29/1982,2.339
4/30/1982,2.331
5/3/1982,2.339
5/4/1982,2.345
5/5/1982,2.321
5/6/1982,2.31
5/7/1982,2.29
5/10/1982,2.286
5/11/1982,2.282
5/12/1982,2.283
5/13/1982,2.293
5/14/1982,2.307
5/17/1982,2.305
5/18/1982,2.317
5/19/1982,2.319
5/20/1982,2.317
5/21/1982,2.306
5/24/1982,2.301
5/25/1982,2.315
5/26/1982,2.329
5/27/1982,2.346
5/28/1982,2.348
6/1/1982,2.376
6/2/1982,2.369
6/3/1982,2.363
6/4/1982,2.365
6/7/1982,2.382
6/8/1982,2.401
6/9/1982,2.415
6/10/1982,2.413
6/11/1982,2.395
6/14/1982,2.422
6/15/1982,2.42
6/16/1982,2.434
6/17/1982,2.446
6/18/1982,2.461
6/21/1982,2.478
6/22/1982,2.454
6/23/1982,2.477
6/24/1982,2.474
6/25/1982,2.487
6/28/1982,2.493
6/29/1982,2.463
6/30/1982,2.46
7/1/1982,2.47
7/2/1982,2.477
7/6/1982,2.49
7/7/1982,2.511
7/8/1982,2.514
7/9/1982,2.494
7/12/1982,2.478
7/13/1982,2.497
7/14/1982,2.496
7/15/1982,2.493
7/16/1982,2.477
7/19/1982,2.474
7/20/1982,2.451
7/21/1982,2.431
7/22/1982,2.433
7/23/1982,2.396
7/26/1982,2.409
7/27/1982,2.428
7/28/1982,2.45
7/29/1982,2.46
7/30/1982,2.466
8/2/1982,2.434
8/3/1982,2.442
8/4/1982,2.486
8/5/1982,2.486
8/6/1982,2.497
8/9/1982,2.518
8/10/1982,2.516
8/11/1982,2.523
8/12/1982,2.518
8/13/1982,2.51
8/16/1982,2.52
8/17/1982,2.507
8/18/1982,2.48
8/19/1982,2.486
8/20/1982,2.453
8/23/1982,2.455
8/24/1982,2.418
8/25/1982,2.428
8/26/1982,2.439
8/27/1982,2.471
8/30/1982,2.507
8/31/1982,2.497
9/1/1982,2.491
9/2/1982,2.474
9/3/1982,2.476
9/7/1982,2.474
9/8/1982,2.488
9/9/1982,2.481
9/10/1982,2.505
9/13/1982,2.519
9/14/1982,2.513
9/15/1982,2.515
9/16/1982,2.513
9/17/1982,2.501
9/20/1982,2.503
9/21/1982,2.505
9/22/1982,2.497
9/23/1982,2.509
9/24/1982,2.514
9/27/1982,2.541
9/28/1982,2.543
9/29/1982,2.528
9/30/1982,2.529
10/1/1982,2.526
10/4/1982,2.554
10/5/1982,2.552
10/6/1982,2.545
10/7/1982,2.523
10/8/1982,2.527
10/12/1982,2.489
10/13/1982,2.511
10/14/1982,2.517
10/15/1982,2.517
10/18/1982,2.515
10/19/1982,2.516
10/20/1982,2.525
10/21/1982,2.53
10/22/1982,2.529
10/25/1982,2.555
10/26/1982,2.548
10/27/1982,2.543
10/28/1982,2.561
10/29/1982,2.56
11/1/1982,2.553
11/3/1982,2.558
11/4/1982,2.576
11/5/1982,2.579
11/8/1982,2.596
11/9/1982,2.582
11/10/1982,2.577
11/12/1982,2.591
11/15/1982,2.587
11/16/1982,2.572
11/17/1982,2.574
11/18/1982,2.569
11/19/1982,2.543
11/22/1982,2.546
11/23/1982,2.549
11/24/1982,2.527
11/26/1982,2.507
11/29/1982,2.485
11/30/1982,2.465
12/1/1982,2.467
12/2/1982,2.448
12/3/1982,2.426
12/6/1982,2.429
12/7/1982,2.425
12/8/1982,2.434
12/9/1982,2.459
12/10/1982,2.453
12/13/1982,2.478
12/14/1982,2.439
12/15/1982,2.451
12/16/1982,2.417
12/17/1982,2.421
12/20/1982,2.418
12/21/1982,2.407
12/22/1982,2.405
12/23/1982,2.396
12/24/1982,2.39
12/27/1982,2.382
12/28/1982,2.371
12/29/1982,2.373
12/30/1982,2.382
12/31/1982,2.378
1/3/1983,2.374
1/4/1983,2.366
1/5/1983,2.349
1/6/1983,2.35
1/7/1983,2.338
1/10/1983,2.332
1/11/1983,2.345
1/12/1983,2.361
1/13/1983,2.342
1/14/1983,2.355
1/17/1983,2.358
1/18/1983,2.393
1/19/1983,2.414
1/20/1983,2.423
1/21/1983,2.442
1/24/1983,2.465
1/25/1983,2.422
1/26/1983,2.426
1/27/1983,2.427
1/28/1983,2.432
1/31/1983,2.465
2/1/1983,2.464
2/2/1983,2.495
2/3/1983,2.466
2/4/1983,2.476
2/7/1983,2.451
2/8/1983,2.443
2/9/1983,2.431
2/10/1983,2.411
2/11/1983,2.406
2/14/1983,2.413
2/15/1983,2.41
2/16/1983,2.388
2/17/1983,2.397
2/18/1983,2.397
2/22/1983,2.41
2/23/1983,2.418
2/24/1983,2.409
2/25/1983,2.415
2/28/1983,2.434
3/1/1983,2.443
3/2/1983,2.432
3/3/1983,2.425
3/4/1983,2.403
3/7/1983,2.389
3/8/1983,2.406
3/9/1983,2.407
3/10/1983,2.394
3/11/1983,2.399
3/14/1983,2.384
3/15/1983,2.388
3/16/1983,2.381
3/17/1983,2.388
3/18/1983,2.396
3/21/1983,2.417
3/22/1983,2.418
3/23/1983,2.425
3/24/1983,2.422
3/25/1983,2.417
3/28/1983,2.434
3/29/1983,2.431
3/30/1983,2.428
3/31/1983,2.431
4/1/1983,2.427
4/4/1983,2.419
4/5/1983,2.418
4/6/1983,2.413
4/7/1983,2.417
4/8/1983,2.427
4/11/1983,2.423
4/12/1983,2.425
4/13/1983,2.442
4/14/1983,2.443
4/15/1983,2.437
4/18/1983,2.459
4/19/1983,2.45
4/20/1983,2.461
4/21/1983,2.456
4/22/1983,2.447
4/25/1983,2.445
4/26/1983,2.451
4/27/1983,2.449
4/28/1983,2.464
4/29/1983,2.467
5/2/1983,2.462
5/3/1983,2.458
5/4/1983,2.447
5/5/1983,2.444
5/6/1983,2.442
5/9/1983,2.435
5/10/1983,2.444
5/11/1983,2.437
5/12/1983,2.441
5/13/1983,2.443
5/16/1983,2.462
5/17/1983,2.462
5/18/1983,2.465
5/19/1983,2.479
5/20/1983,2.478
5/23/1983,2.485
5/24/1983,2.494
5/25/1983,2.49
5/26/1983,2.495
5/27/1983,2.515
5/31/1983,2.525
6/1/1983,2.548
6/2/1983,2.541
6/3/1983,2.543
6/6/1983,2.565
6/7/1983,2.569
6/8/1983,2.568
6/9/1983,2.565
6/10/1983,2.556
6/13/1983,2.554
6/14/1983,2.565
6/15/1983,2.568
6/16/1983,2.556
6/17/1983,2.559
6/20/1983,2.546
6/21/1983,2.55
6/22/1983,2.522
6/23/1983,2.524
6/24/1983,2.526
6/27/1983,2.533
6/28/1983,2.54
6/29/1983,2.544
6/30/1983,2.541
7/1/1983,2.541
7/5/1983,2.569
7/6/1983,2.568
7/7/1983,2.577
7/8/1983,2.578
7/11/1983,2.586
7/12/1983,2.588
7/13/1983,2.585
7/14/1983,2.578
7/15/1983,2.599
7/18/1983,2.597
7/19/1983,2.592
7/20/1983,2.577
7/21/1983,2.582
7/22/1983,2.592
7/25/1983,2.607
7/26/1983,2.611
7/27/1983,2.625
7/28/1983,2.629
7/29/1983,2.649
8/1/1983,2.679
8/2/1983,2.661
8/3/1983,2.661
8/4/1983,2.67
8/5/1983,2.682
8/8/1983,2.696
8/9/1983,2.69
8/10/1983,2.725
8/11/1983,2.735
8/12/1983,2.724
8/15/1983,2.711
8/16/1983,2.662
8/17/1983,2.641
8/18/1983,2.635
8/19/1983,2.656
8/22/1983,2.635
8/23/1983,2.629
8/24/1983,2.636
8/25/1983,2.64
8/26/1983,2.663
8/29/1983,2.68
8/30/1983,2.688
8/31/1983,2.697
9/1/1983,2.696
9/2/1983,2.696
9/6/1983,2.681
9/7/1983,2.688
9/8/1983,2.677
9/9/1983,2.673
9/12/1983,2.661
9/13/1983,2.68
9/14/1983,2.687
9/15/1983,2.68
9/16/1983,2.667
9/19/1983,2.658
9/20/1983,2.669
9/21/1983,2.667
9/22/1983,2.683
9/23/1983,2.653
9/26/1983,2.646
9/27/1983,2.651
9/28/1983,2.646
9/29/1983,2.641
9/30/1983,2.632
10/3/1983,2.623
10/4/1983,2.628
10/5/1983,2.596
10/6/1983,2.581
10/7/1983,2.567
10/11/1983,2.587
10/12/1983,2.614
10/13/1983,2.605
10/14/1983,2.618
10/17/1983,2.603
10/18/1983,2.584
10/19/1983,2.585
10/20/1983,2.589
10/21/1983,2.583
10/24/1983,2.61
10/25/1983,2.604
10/26/1983,2.618
10/27/1983,2.619
10/28/1983,2.621
10/31/1983,2.632
11/1/1983,2.655
11/2/1983,2.645
11/3/1983,2.659
11/4/1983,2.671
11/7/1983,2.68
11/9/1983,2.668
11/10/1983,2.658
11/14/1983,2.676
11/15/1983,2.678
11/16/1983,2.687
11/17/1983,2.698
11/18/1983,2.705
11/21/1983,2.701
11/22/1983,2.689
11/23/1983,2.703
11/25/1983,2.712
11/28/1983,2.712
11/29/1983,2.715
11/30/1983,2.699
12/1/1983,2.702
12/2/1983,2.712
12/5/1983,2.744
12/6/1983,2.735
12/7/1983,2.736
12/8/1983,2.735
12/9/1983,2.752
12/12/1983,2.753
12/13/1983,2.771
12/14/1983,2.767
12/15/1983,2.772
12/16/1983,2.777
12/19/1983,2.772
12/20/1983,2.768
12/21/1983,2.769
12/22/1983,2.769
12/23/1983,2.759
12/27/1983,2.756
12/28/1983,2.752
12/29/1983,2.729
12/30/1983,2.725
1/3/1984,2.761
1/4/1984,2.788
1/5/1984,2.798
1/6/1984,2.811
1/9/1984,2.829
1/10/1984,2.814
1/11/1984,2.84
1/12/1984,2.84
1/13/1984,2.808
1/16/1984,2.798
1/17/1984,2.809
1/18/1984,2.803
1/19/1984,2.793
1/20/1984,2.821
1/23/1984,2.812
1/24/1984,2.826
1/25/1984,2.823
1/26/1984,2.811
1/27/1984,2.821
1/30/1984,2.812
1/31/1984,2.817
2/1/1984,2.792
2/2/1984,2.76
2/3/1984,2.736
2/6/1984,2.743
2/7/1984,2.766
2/8/1984,2.754
2/9/1984,2.738
2/10/1984,2.742
2/14/1984,2.722
2/15/1984,2.667
2/16/1984,2.674
2/17/1984,2.683
2/21/1984,2.708
2/22/1984,2.663
2/23/1984,2.662
2/24/1984,2.625
2/27/1984,2.636
2/28/1984,2.604
2/29/1984,2.598
3/1/1984,2.611
3/2/1984,2.586
3/5/1984,2.58
3/6/1984,2.552
3/7/1984,2.555
3/8/1984,2.588
3/9/1984,2.582
3/12/1984,2.603
3/13/1984,2.572
3/14/1984,2.566
3/15/1984,2.584
3/16/1984,2.628
3/19/1984,2.629
3/20/1984,2.637
3/21/1984,2.647
3/22/1984,2.636
3/23/1984,2.629
3/26/1984,2.6
3/27/1984,2.589
3/28/1984,2.592
3/29/1984,2.586
3/30/1984,2.594
4/2/1984,2.598
4/3/1984,2.623
4/4/1984,2.622
4/5/1984,2.631
4/6/1984,2.623
4/9/1984,2.631
4/10/1984,2.619
4/11/1984,2.61
4/12/1984,2.618
4/13/1984,2.626
4/16/1984,2.635
4/17/1984,2.642
4/18/1984,2.646
4/19/1984,2.66
4/20/1984,2.666
4/23/1984,2.662
4/24/1984,2.683
4/25/1984,2.681
4/26/1984,2.697
4/27/1984,2.705
4/30/1984,2.722
5/1/1984,2.729
5/2/1984,2.727
5/3/1984,2.705
5/4/1984,2.724
5/7/1984,2.773
5/8/1984,2.782
5/9/1984,2.768
5/10/1984,2.779
5/11/1984,2.774
5/14/1984,2.756
5/15/1984,2.743
5/16/1984,2.746
5/17/1984,2.76
5/18/1984,2.777
5/21/1984,2.756
5/22/1984,2.742
5/23/1984,2.759
5/24/1984,2.743
5/25/1984,2.728
5/29/1984,2.732
5/30/1984,2.736
5/31/1984,2.732
6/1/1984,2.685
6/4/1984,2.666
6/5/1984,2.686
6/6/1984,2.678
6/7/1984,2.695
6/8/1984,2.698
6/11/1984,2.715
6/12/1984,2.725
6/13/1984,2.716
6/14/1984,2.721
6/15/1984,2.741
6/18/1984,2.756
6/19/1984,2.759
6/20/1984,2.779
6/21/1984,2.783
6/22/1984,2.783
6/25/1984,2.804
6/26/1984,2.787
6/27/1984,2.797
6/28/1984,2.784
6/29/1984,2.782
7/2/1984,2.792
7/3/1984,2.821
7/5/1984,2.829
7/6/1984,2.839
7/9/1984,2.841
7/10/1984,2.824
7/11/1984,2.841
7/12/1984,2.849
7/13/1984,2.832
7/16/1984,2.822
7/17/1984,2.849
7/18/1984,2.863
7/19/1984,2.845
7/20/1984,2.86
7/23/1984,2.877
7/24/1984,2.868
7/25/1984,2.852
7/26/1984,2.847
7/27/1984,2.886
7/30/1984,2.894
7/31/1984,2.906
8/1/1984,2.918
8/2/1984,2.898
8/3/1984,2.861
8/6/1984,2.886
8/7/1984,2.915
8/8/1984,2.906
8/9/1984,2.9
8/10/1984,2.898
8/13/1984,2.915
8/14/1984,2.888
8/15/1984,2.879
8/16/1984,2.857
8/17/1984,2.861
8/20/1984,2.87
8/21/1984,2.885
8/22/1984,2.88
8/23/1984,2.865
8/24/1984,2.874
8/27/1984,2.884
8/28/1984,2.88
8/29/1984,2.877
8/30/1984,2.887
8/31/1984,2.89
9/4/1984,2.93
9/5/1984,2.954
9/6/1984,2.948
9/7/1984,2.987
9/10/1984,2.992
9/11/1984,3.008
9/12/1984,2.998
9/13/1984,3.04
9/14/1984,3.034
9/17/1984,3.073
9/18/1984,3.094
9/19/1984,3.096
9/20/1984,3.128
9/21/1984,3.065
9/24/1984,3.027
9/25/1984,3.075
9/26/1984,3.042
9/27/1984,3.035
9/28/1984,3.072
10/1/1984,3.062
10/2/1984,3.042
10/3/1984,3.016
10/4/1984,3.028
10/5/1984,3.05
10/9/1984,3.088
10/10/1984,3.078
10/11/1984,3.096
10/12/1984,3.119
10/15/1984,3.135
10/16/1984,3.14
10/17/1984,3.121
10/18/1984,3.119
10/19/1984,3.072
10/22/1984,3.074
10/23/1984,3.041
10/24/1984,3.023
10/25/1984,3.011
10/26/1984,3.032
10/29/1984,3.072
10/30/1984,3.045
10/31/1984,3.031
11/1/1984,2.989
11/2/1984,2.948
11/5/1984,2.93
11/7/1984,2.939
11/8/1984,2.94
11/9/1984,2.948
11/13/1984,2.943
11/14/1984,2.973
11/15/1984,2.962
11/16/1984,2.973
11/19/1984,2.995
11/20/1984,3.009
11/21/1984,3.019
11/23/1984,3.031
11/26/1984,3.062
11/27/1984,3.055
11/28/1984,3.072
11/29/1984,3.079
11/30/1984,3.11
12/3/1984,3.115
12/4/1984,3.06
12/5/1984,3.079
12/6/1984,3.062
12/7/1984,3.087
12/10/1984,3.093
12/11/1984,3.087
12/12/1984,3.087
12/13/1984,3.105
12/14/1984,3.091
12/17/1984,3.09
12/18/1984,3.087
12/19/1984,3.1
12/20/1984,3.13
12/21/1984,3.116
12/24/1984,3.124
12/26/1984,3.126
12/27/1984,3.152
12/28/1984,3.144
12/31/1984,3.155
1/2/1985,3.173
1/3/1985,3.163
1/4/1985,3.168
1/7/1985,3.178
1/8/1985,3.155
1/9/1985,3.163
1/10/1985,3.141
1/11/1985,3.155
1/14/1985,3.193
1/15/1985,3.186
1/16/1985,3.19
1/17/1985,3.183
1/18/1985,3.184
1/22/1985,3.171
1/23/1985,3.182
1/24/1985,3.158
1/25/1985,3.166
1/28/1985,3.167
1/29/1985,3.177
1/30/1985,3.17
1/31/1985,3.163
2/1/1985,3.18
2/4/1985,3.214
2/5/1985,3.226
2/6/1985,3.223
2/7/1985,3.246
2/8/1985,3.258
2/11/1985,3.276
2/13/1985,3.302
2/14/1985,3.29
2/15/1985,3.267
2/19/1985,3.315
2/20/1985,3.337
2/21/1985,3.358
2/22/1985,3.388
2/25/1985,3.453
2/26/1985,3.435
2/27/1985,3.335
2/28/1985,3.344
3/1/1985,3.354
3/4/1985,3.376
3/5/1985,3.432
3/6/1985,3.385
3/7/1985,3.397
3/8/1985,3.415
3/11/1985,3.339
3/12/1985,3.346
3/13/1985,3.357
3/14/1985,3.386
3/15/1985,3.378
3/18/1985,3.341
3/19/1985,3.277
3/20/1985,3.258
3/21/1985,3.21
3/22/1985,3.228
3/25/1985,3.237
3/26/1985,3.209
3/27/1985,3.127
3/28/1985,3.131
3/29/1985,3.083
4/1/1985,3.119
4/2/1985,3.154
4/3/1985,3.122
4/4/1985,3.178
4/5/1985,3.175
4/8/1985,3.164
4/9/1985,3.141
4/10/1985,3.135
4/11/1985,3.074
4/12/1985,3.06
4/15/1985,3.027
4/16/1985,3.028
4/17/1985,3.037
4/18/1985,2.98
4/19/1985,2.979
4/22/1985,3.02
4/23/1985,3.08
4/24/1985,3.119
4/25/1985,3.15
4/26/1985,3.133
4/29/1985,3.11
4/30/1985,3.098
5/1/1985,3.149
5/2/1985,3.178
5/3/1985,3.219
5/6/1985,3.222
5/7/1985,3.168
5/8/1985,3.194
5/9/1985,3.112
5/10/1985,3.121
5/13/1985,3.073
5/14/1985,3.045
5/15/1985,3.077
5/16/1985,3.09
5/17/1985,3.068
5/20/1985,3.036
5/21/1985,3.067
5/22/1985,3.079
5/23/1985,3.083
5/24/1985,3.094
5/28/1985,3.113
5/29/1985,3.079
5/30/1985,3.081
5/31/1985,3.059
6/3/1985,3.043
6/4/1985,3.055
6/5/1985,3.074
6/6/1985,3.058
6/7/1985,3.08
6/10/1985,3.102
6/11/1985,3.089
6/12/1985,3.09
6/13/1985,3.1
6/14/1985,3.058
6/17/1985,3.062
6/18/1985,3.03
6/19/1985,3.02
6/20/1985,3.075
6/21/1985,3.064
6/24/1985,3.07
6/25/1985,3.071
6/26/1985,3.044
6/27/1985,3.06
6/28/1985,3.029
7/1/1985,3.042
7/2/1985,3.046
7/3/1985,3.034
7/5/1985,3.007
7/8/1985,2.983
7/9/1985,2.96
7/10/1985,2.938
7/11/1985,2.919
7/12/1985,2.891
7/15/1985,2.879
7/16/1985,2.886
7/17/1985,2.837
7/18/1985,2.874
7/19/1985,2.889
7/22/1985,2.898
7/23/1985,2.85
7/24/1985,2.889
7/25/1985,2.864
7/26/1985,2.863
7/29/1985,2.823
7/30/1985,2.816
7/31/1985,2.8
8/1/1985,2.823
8/2/1985,2.825
8/5/1985,2.826
8/6/1985,2.85
8/7/1985,2.847
8/8/1985,2.829
8/9/1985,2.832
8/12/1985,2.798
8/13/1985,2.787
8/14/1985,2.791
8/15/1985,2.764
8/16/1985,2.758
8/19/1985,2.764
8/20/1985,2.779
8/21/1985,2.767
8/22/1985,2.743
8/23/1985,2.753
8/26/1985,2.773
8/27/1985,2.792
8/28/1985,2.772
8/29/1985,2.779
8/30/1985,2.811
9/3/1985,2.854
9/4/1985,2.851
9/5/1985,2.862
9/6/1985,2.932
9/9/1985,2.944
9/10/1985,2.941
9/11/1985,2.961
9/12/1985,2.944
9/13/1985,2.9
9/16/1985,2.882
9/17/1985,2.892
9/18/1985,2.907
9/19/1985,2.901
9/20/1985,2.848
9/23/1985,2.732
9/24/1985,2.716
9/25/1985,2.68
9/26/1985,2.662
9/27/1985,2.678
9/30/1985,2.679
10/1/1985,2.653
10/2/1985,2.649
10/3/1985,2.62
10/4/1985,2.635
10/7/1985,2.651
10/8/1985,2.647
10/9/1985,2.648
10/10/1985,2.657
10/11/1985,2.658
10/15/1985,2.663
10/16/1985,2.685
10/17/1985,2.649
10/18/1985,2.638
10/21/1985,2.638
10/22/1985,2.645
10/23/1985,2.638
10/24/1985,2.651
10/25/1985,2.654
10/28/1985,2.643
10/29/1985,2.622
10/30/1985,2.624
10/31/1985,2.619
11/1/1985,2.602
11/4/1985,2.598
11/5/1985,2.614
11/6/1985,2.6
11/7/1985,2.628
11/8/1985,2.624
11/12/1985,2.624
11/13/1985,2.615
11/14/1985,2.616
11/15/1985,2.624
11/18/1985,2.615
11/19/1985,2.599
11/20/1985,2.613
11/21/1985,2.594
11/22/1985,2.578
11/25/1985,2.566
11/26/1985,2.551
11/27/1985,2.543
11/29/1985,2.513
12/2/1985,2.522
12/3/1985,2.534
12/4/1985,2.52
12/5/1985,2.519
12/6/1985,2.526
12/9/1985,2.535
12/10/1985,2.54
12/11/1985,2.543
12/12/1985,2.515
12/13/1985,2.522
12/16/1985,2.524
12/17/1985,2.512
12/18/1985,2.518
12/19/1985,2.517
12/20/1985,2.512
12/23/1985,2.505
12/24/1985,2.506
12/26/1985,2.505
12/27/1985,2.473
12/30/1985,2.465
12/31/1985,2.447
1/2/1986,2.438
1/3/1986,2.461
1/6/1986,2.448
1/7/1986,2.445
1/8/1986,2.457
1/9/1986,2.448
1/10/1986,2.456
1/13/1986,2.463
1/14/1986,2.468
1/15/1986,2.463
1/16/1986,2.468
1/17/1986,2.465
1/21/1986,2.458
1/22/1986,2.449
1/23/1986,2.455
1/24/1986,2.417
1/27/1986,2.399
1/28/1986,2.398
1/29/1986,2.389
1/30/1986,2.379
1/31/1986,2.388
2/3/1986,2.401
2/4/1986,2.415
2/5/1986,2.386
2/6/1986,2.392
2/7/1986,2.41
2/10/1986,2.386
2/11/1986,2.375
2/12/1986,2.368
2/13/1986,2.349
2/14/1986,2.347
2/18/1986,2.344
2/19/1986,2.307
2/20/1986,2.308
2/21/1986,2.309
2/24/1986,2.283
2/25/1986,2.245
2/26/1986,2.228
2/27/1986,2.222
2/28/1986,2.231
3/3/1986,2.221
3/4/1986,2.201
3/5/1986,2.267
3/6/1986,2.243
3/7/1986,2.238
3/10/1986,2.281
3/11/1986,2.266
3/12/1986,2.284
3/13/1986,2.296
3/14/1986,2.263
3/17/1986,2.25
3/18/1986,2.248
3/19/1986,2.262
3/20/1986,2.257
3/21/1986,2.242
3/24/1986,2.288
3/25/1986,2.339
3/26/1986,2.33
3/27/1986,2.327
3/28/1986,2.335
3/31/1986,2.345
4/1/1986,2.343
4/2/1986,2.374
4/3/1986,2.393
4/4/1986,2.389
4/7/1986,2.397
4/8/1986,2.339
4/9/1986,2.343
4/10/1986,2.328
4/11/1986,2.307
4/14/1986,2.313
4/15/1986,2.314
4/16/1986,2.25
4/17/1986,2.218
4/18/1986,2.218
4/21/1986,2.207
4/22/1986,2.203
4/23/1986,2.196
4/24/1986,2.201
4/25/1986,2.176
4/28/1986,2.165
4/29/1986,2.176
4/30/1986,2.165
5/1/1986,2.205
5/2/1986,2.215
5/5/1986,2.188
5/6/1986,2.208
5/7/1986,2.197
5/8/1986,2.18
5/9/1986,2.178
5/12/1986,2.174
5/13/1986,2.198
5/14/1986,2.185
5/15/1986,2.197
5/16/1986,2.211
5/19/1986,2.224
5/20/1986,2.241
5/21/1986,2.243
5/22/1986,2.279
5/23/1986,2.276
5/27/1986,2.274
5/28/1986,2.28
5/29/1986,2.306
5/30/1986,2.325
6/2/1986,2.325
6/3/1986,2.274
6/4/1986,2.279
6/5/1986,2.238
6/6/1986,2.23
6/9/1986,2.236
6/10/1986,2.22
6/11/1986,2.214
6/12/1986,2.21
6/13/1986,2.209
6/16/1986,2.201
6/17/1986,2.241
6/18/1986,2.241
6/19/1986,2.233
6/20/1986,2.246
6/23/1986,2.249
6/24/1986,2.222
6/25/1986,2.216
6/26/1986,2.221
6/27/1986,2.204
6/30/1986,2.201
7/1/1986,2.176
7/2/1986,2.189
7/3/1986,2.174
7/7/1986,2.183
7/8/1986,2.181
7/9/1986,2.187
7/10/1986,2.175
7/11/1986,2.189
7/14/1986,2.181
7/15/1986,2.166
7/16/1986,2.15
7/17/1986,2.148
7/18/1986,2.131
7/21/1986,2.121
7/22/1986,2.138
7/23/1986,2.133
7/24/1986,2.138
7/25/1986,2.146
7/28/1986,2.114
7/29/1986,2.112
7/30/1986,2.114
7/31/1986,2.094
8/1/1986,2.084
8/4/1986,2.084
8/5/1986,2.09
8/6/1986,2.085
8/7/1986,2.067
8/8/1986,2.07
8/11/1986,2.061
8/12/1986,2.078
8/13/1986,2.071
8/14/1986,2.063
8/15/1986,2.063
8/18/1986,2.071
8/19/1986,2.059
8/20/1986,2.049
8/21/1986,2.043
8/22/1986,2.045
8/25/1986,2.043
8/26/1986,2.05
8/27/1986,2.046
8/28/1986,2.05
8/29/1986,2.035
9/2/1986,2.032
9/3/1986,2.027
9/4/1986,2.03
9/5/1986,2.048
9/8/1986,2.072
9/9/1986,2.06
9/10/1986,2.064
9/11/1986,2.092
9/12/1986,2.061
9/15/1986,2.052
9/16/1986,2.049
9/17/1986,2.029
9/18/1986,1.99
9/19/1986,1.992
9/22/1986,2.031
9/23/1986,2.052
9/24/1986,2.048
9/25/1986,2.046
9/26/1986,2.046
9/29/1986,2.026
9/30/1986,2.027
10/1/1986,2.022
10/2/1986,2.007
10/3/1986,2
10/6/1986,1.991
10/7/1986,2.002
10/8/1986,1.997
10/9/1986,2.004
10/10/1986,1.987
10/14/1986,1.975
10/15/1986,1.974
10/16/1986,1.976
10/17/1986,1.975
10/20/1986,1.988
10/21/1986,1.989
10/22/1986,1.986
10/23/1986,1.995
10/24/1986,2.032
10/27/1986,2.047
10/28/1986,2.034
10/29/1986,2.03
10/30/1986,2.053
10/31/1986,2.061
11/3/1986,2.064
11/4/1986,2.058
11/5/1986,2.064
11/6/1986,2.062
11/7/1986,2.066
11/10/1986,2.046
11/12/1986,2.023
11/13/1986,2.011
11/14/1986,2.003
11/17/1986,2.014
11/18/1986,2.013
11/19/1986,2.008
11/20/1986,2.009
11/21/1986,2.022
11/24/1986,2.019
11/25/1986,1.994
11/26/1986,1.992
11/28/1986,1.973
12/1/1986,1.966
12/2/1986,1.973
12/3/1986,1.973
12/4/1986,1.993
12/5/1986,2.001
12/8/1986,2.01
12/9/1986,2.019
12/10/1986,2.012
12/11/1986,2.017
12/12/1986,2.017
12/15/1986,2.018
12/16/1986,2.019
12/17/1986,2.016
12/18/1986,2.01
12/19/1986,2.007
12/22/1986,1.979
12/23/1986,1.966
12/24/1986,1.968
12/26/1986,1.963
12/29/1986,1.943
12/30/1986,1.947
12/31/1986,1.924
1/2/1987,1.918
1/5/1987,1.931
1/6/1987,1.92
1/7/1987,1.928
1/8/1987,1.921
1/9/1987,1.919
1/12/1987,1.892
1/13/1987,1.876
1/14/1987,1.836
1/15/1987,1.842
1/16/1987,1.845
1/20/1987,1.839
1/21/1987,1.848
1/22/1987,1.815
1/23/1987,1.826
1/26/1987,1.824
1/27/1987,1.806
1/28/1987,1.789
1/29/1987,1.787
1/30/1987,1.833
2/2/1987,1.807
2/3/1987,1.799
2/4/1987,1.814
2/5/1987,1.841
2/6/1987,1.856
2/9/1987,1.818
2/10/1987,1.798
2/11/1987,1.817
2/12/1987,1.825
2/13/1987,1.83
2/17/1987,1.815
2/18/1987,1.828
2/19/1987,1.835
2/20/1987,1.828
2/23/1987,1.831
2/24/1987,1.835
2/25/1987,1.83
2/26/1987,1.823
2/27/1987,1.828
3/2/1987,1.832
3/3/1987,1.834
3/4/1987,1.839
3/5/1987,1.832
3/6/1987,1.84
3/9/1987,1.855
3/10/1987,1.857
3/11/1987,1.871
3/12/1987,1.861
3/13/1987,1.853
3/16/1987,1.838
3/17/1987,1.839
3/18/1987,1.837
3/19/1987,1.834
3/20/1987,1.835
3/23/1987,1.821
3/24/1987,1.822
3/25/1987,1.827
3/26/1987,1.829
3/27/1987,1.824
3/30/1987,1.803
3/31/1987,1.802
4/1/1987,1.821
4/2/1987,1.815
4/3/1987,1.826
4/6/1987,1.826
4/7/1987,1.827
4/8/1987,1.84
4/9/1987,1.824
4/10/1987,1.807
4/13/1987,1.811
4/14/1987,1.803
4/15/1987,1.807
4/16/1987,1.812
4/17/1987,1.816
4/20/1987,1.813
4/21/1987,1.817
4/22/1987,1.825
4/23/1987,1.813
4/24/1987,1.791
4/27/1987,1.783
4/28/1987,1.796
4/29/1987,1.793
4/30/1987,1.799
5/1/1987,1.782
5/4/1987,1.774
5/5/1987,1.769
5/6/1987,1.774
5/7/1987,1.778
5/8/1987,1.789
5/11/1987,1.797
5/12/1987,1.79
5/13/1987,1.79
5/14/1987,1.787
5/15/1987,1.779
5/18/1987,1.779
5/19/1987,1.778
5/20/1987,1.774
5/21/1987,1.778
5/22/1987,1.779
5/26/1987,1.808
5/27/1987,1.82
5/28/1987,1.816
5/29/1987,1.824
6/1/1987,1.834
6/2/1987,1.804
6/3/1987,1.808
6/4/1987,1.819
6/5/1987,1.814
6/8/1987,1.805
6/9/1987,1.791
6/10/1987,1.796
6/11/1987,1.794
6/12/1987,1.812
6/15/1987,1.825
6/16/1987,1.827
6/17/1987,1.826
6/18/1987,1.825
6/19/1987,1.83
6/22/1987,1.841
6/23/1987,1.834
6/24/1987,1.823
6/25/1987,1.829
6/26/1987,1.827
6/29/1987,1.831
6/30/1987,1.826
7/1/1987,1.829
7/2/1987,1.832
7/3/1987,1.84
7/6/1987,1.84
7/7/1987,1.84
7/8/1987,1.842
7/9/1987,1.839
7/10/1987,1.845
7/13/1987,1.843
7/14/1987,1.85
7/15/1987,1.831
7/16/1987,1.837
7/17/1987,1.859
7/20/1987,1.862
7/21/1987,1.865
7/22/1987,1.864
7/23/1987,1.855
7/24/1987,1.854
7/27/1987,1.855
7/28/1987,1.857
7/29/1987,1.858
7/30/1987,1.856
7/31/1987,1.859
8/3/1987,1.865
8/4/1987,1.892
8/5/1987,1.878
8/6/1987,1.884
8/7/1987,1.89
8/10/1987,1.894
8/11/1987,1.898
8/12/1987,1.893
8/13/1987,1.887
8/14/1987,1.876
8/17/1987,1.877
8/18/1987,1.845
8/19/1987,1.841
8/20/1987,1.828
8/21/1987,1.818
8/24/1987,1.817
8/25/1987,1.823
8/26/1987,1.826
8/27/1987,1.814
8/28/1987,1.81
8/31/1987,1.811
9/1/1987,1.813
9/2/1987,1.803
9/3/1987,1.794
9/4/1987,1.796
9/8/1987,1.793
9/9/1987,1.797
9/10/1987,1.807
9/11/1987,1.8
9/14/1987,1.818
9/15/1987,1.816
9/16/1987,1.816
9/17/1987,1.817
9/18/1987,1.806
9/21/1987,1.815
9/22/1987,1.82
9/23/1987,1.822
9/24/1987,1.822
9/25/1987,1.821
9/28/1987,1.825
9/29/1987,1.84
9/30/1987,1.843
10/1/1987,1.847
10/2/1987,1.843
10/5/1987,1.843
10/6/1987,1.836
10/7/1987,1.826
10/8/1987,1.823
10/9/1987,1.814
10/13/1987,1.821
10/14/1987,1.811
10/15/1987,1.801
10/16/1987,1.802
10/19/1987,1.778
10/20/1987,1.808
10/21/1987,1.813
10/22/1987,1.814
10/23/1987,1.787
10/26/1987,1.775
10/27/1987,1.764
10/28/1987,1.753
10/29/1987,1.729
10/30/1987,1.728
11/2/1987,1.713
11/3/1987,1.715
11/4/1987,1.711
11/5/1987,1.669
11/6/1987,1.675
11/9/1987,1.662
11/10/1987,1.665
11/12/1987,1.699
11/13/1987,1.688
11/16/1987,1.704
11/17/1987,1.693
11/18/1987,1.688
11/19/1987,1.681
11/20/1987,1.682
11/23/1987,1.668
11/24/1987,1.687
11/25/1987,1.669
11/27/1987,1.655
11/30/1987,1.641
12/1/1987,1.649
12/2/1987,1.654
12/3/1987,1.66
12/4/1987,1.669
12/7/1987,1.672
12/8/1987,1.669
12/9/1987,1.664
12/10/1987,1.637
12/11/1987,1.632
12/14/1987,1.631
12/15/1987,1.631
12/16/1987,1.631
12/17/1987,1.623
12/18/1987,1.634
12/21/1987,1.635
12/22/1987,1.629
12/23/1987,1.637
12/24/1987,1.629
12/28/1987,1.597
12/29/1987,1.596
12/30/1987,1.594
12/31/1987,1.571
1/4/1988,1.585
1/5/1988,1.627
1/6/1988,1.649
1/7/1988,1.639
1/8/1988,1.651
1/11/1988,1.637
1/12/1988,1.635
1/13/1988,1.633
1/14/1988,1.637
1/15/1988,1.68
1/19/1988,1.676
1/20/1988,1.662
1/21/1988,1.664
1/22/1988,1.676
1/25/1988,1.678
1/26/1988,1.677
1/27/1988,1.671
1/28/1988,1.667
1/29/1988,1.679
2/1/1988,1.692
2/2/1988,1.682
2/3/1988,1.688
2/4/1988,1.69
2/5/1988,1.699
2/8/1988,1.695
2/9/1988,1.701
2/10/1988,1.691
2/11/1988,1.692
2/12/1988,1.714
2/16/1988,1.708
2/17/1988,1.706
2/18/1988,1.711
2/19/1988,1.708
2/22/1988,1.696
2/23/1988,1.692
2/24/1988,1.695
2/25/1988,1.697
2/26/1988,1.688
2/29/1988,1.688
3/1/1988,1.686
3/2/1988,1.694
3/3/1988,1.697
3/4/1988,1.69
3/7/1988,1.677
3/8/1988,1.669
3/9/1988,1.668
3/10/1988,1.665
3/11/1988,1.662
3/14/1988,1.664
3/15/1988,1.666
3/16/1988,1.672
3/17/1988,1.691
3/18/1988,1.697
3/21/1988,1.691
3/22/1988,1.694
3/23/1988,1.692
3/24/1988,1.68
3/25/1988,1.676
3/28/1988,1.661
3/29/1988,1.663
3/30/1988,1.664
3/31/1988,1.656
4/1/1988,1.656
4/4/1988,1.654
4/5/1988,1.67
4/6/1988,1.674
4/7/1988,1.68
4/8/1988,1.673
4/11/1988,1.687
4/12/1988,1.688
4/13/1988,1.694
4/14/1988,1.663
4/15/1988,1.661
4/18/1988,1.658
4/19/1988,1.663
4/20/1988,1.664
4/21/1988,1.664
4/22/1988,1.673
4/25/1988,1.678
4/26/1988,1.675
4/27/1988,1.675
4/28/1988,1.669
4/29/1988,1.675
5/2/1988,1.679
5/3/1988,1.677
5/4/1988,1.68
5/5/1988,1.679
5/6/1988,1.681
5/9/1988,1.682
5/10/1988,1.679
5/11/1988,1.678
5/12/1988,1.679
5/13/1988,1.683
5/16/1988,1.689
5/17/1988,1.704
5/18/1988,1.705
5/19/1988,1.701
5/20/1988,1.703
5/23/1988,1.702
5/24/1988,1.703
5/25/1988,1.706
5/26/1988,1.708
5/27/1988,1.719
5/31/1988,1.729
6/1/1988,1.726
6/2/1988,1.725
6/3/1988,1.727
6/6/1988,1.717
6/7/1988,1.715
6/8/1988,1.719
6/9/1988,1.72
6/10/1988,1.72
6/13/1988,1.725
6/14/1988,1.748
6/15/1988,1.753
6/16/1988,1.754
6/17/1988,1.753
6/20/1988,1.76
6/21/1988,1.758
6/22/1988,1.779
6/23/1988,1.786
6/24/1988,1.815
6/27/1988,1.819
6/28/1988,1.809
6/29/1988,1.83
6/30/1988,1.817
7/1/1988,1.82
7/5/1988,1.824
7/6/1988,1.822
7/7/1988,1.817
7/8/1988,1.838
7/11/1988,1.846
7/12/1988,1.838
7/13/1988,1.847
7/14/1988,1.848
7/15/1988,1.877
7/18/1988,1.882
7/19/1988,1.864
7/20/1988,1.851
7/21/1988,1.838
7/22/1988,1.826
7/25/1988,1.845
7/26/1988,1.861
7/27/1988,1.849
7/28/1988,1.865
7/29/1988,1.875
8/1/1988,1.877
8/2/1988,1.876
8/3/1988,1.876
8/4/1988,1.881
8/5/1988,1.893
8/8/1988,1.902
8/9/1988,1.916
8/10/1988,1.916
8/11/1988,1.9
8/12/1988,1.881
8/15/1988,1.881
8/16/1988,1.872
8/17/1988,1.913
8/18/1988,1.898
8/19/1988,1.892
8/22/1988,1.92
8/23/1988,1.907
8/24/1988,1.892
8/25/1988,1.864
8/26/1988,1.857
8/29/1988,1.869
8/30/1988,1.868
8/31/1988,1.879
9/1/1988,1.874
9/2/1988,1.859
9/6/1988,1.843
9/7/1988,1.844
9/8/1988,1.849
9/9/1988,1.849
9/12/1988,1.845
9/13/1988,1.85
9/14/1988,1.879
9/15/1988,1.876
9/16/1988,1.877
9/19/1988,1.869
9/20/1988,1.864
9/21/1988,1.875
9/22/1988,1.88
9/23/1988,1.876
9/26/1988,1.884
9/27/1988,1.879
9/28/1988,1.878
9/29/1988,1.883
9/30/1988,1.873
10/3/1988,1.861
10/4/1988,1.861
10/5/1988,1.863
10/6/1988,1.865
10/7/1988,1.862
10/11/1988,1.852
10/12/1988,1.836
10/13/1988,1.821
10/14/1988,1.813
10/17/1988,1.811
10/18/1988,1.804
10/19/1988,1.811
10/20/1988,1.803
10/21/1988,1.781
10/24/1988,1.789
10/25/1988,1.788
10/26/1988,1.775
10/27/1988,1.776
10/28/1988,1.778
10/31/1988,1.782
11/1/1988,1.786
11/2/1988,1.779
11/3/1988,1.772
11/4/1988,1.794
11/7/1988,1.784
11/8/1988,1.79
11/9/1988,1.761
11/10/1988,1.758
11/14/1988,1.745
11/15/1988,1.746
11/16/1988,1.724
11/17/1988,1.731
11/18/1988,1.736
11/21/1988,1.728
11/22/1988,1.721
11/23/1988,1.717
11/25/1988,1.716
11/28/1988,1.734
11/29/1988,1.727
11/30/1988,1.736
12/1/1988,1.733
12/2/1988,1.731
12/5/1988,1.724
12/6/1988,1.733
12/7/1988,1.76
12/8/1988,1.742
12/9/1988,1.734
12/12/1988,1.743
12/13/1988,1.747
12/14/1988,1.738
12/15/1988,1.749
12/16/1988,1.766
12/19/1988,1.763
12/20/1988,1.777
12/21/1988,1.77
12/22/1988,1.774
12/23/1988,1.777
12/27/1988,1.778
12/28/1988,1.787
12/29/1988,1.789
12/30/1988,1.774
1/3/1989,1.764
1/4/1989,1.788
1/5/1989,1.795
1/6/1989,1.814
1/9/1989,1.829
1/10/1989,1.835
1/11/1989,1.829
1/12/1989,1.825
1/13/1989,1.834
1/17/1989,1.851
1/18/1989,1.871
1/19/1989,1.867
1/20/1989,1.844
1/23/1989,1.838
1/24/1989,1.843
1/25/1989,1.843
1/26/1989,1.845
1/27/1989,1.863
1/30/1989,1.859
1/31/1989,1.879
2/1/1989,1.864
2/2/1989,1.869
2/3/1989,1.88
2/6/1989,1.879
2/7/1989,1.868
2/8/1989,1.872
2/9/1989,1.86
2/10/1989,1.862
2/13/1989,1.87
2/14/1989,1.85
2/15/1989,1.844
2/16/1989,1.842
2/17/1989,1.837
2/21/1989,1.842
2/22/1989,1.836
2/23/1989,1.822
2/24/1989,1.824
2/27/1989,1.818
2/28/1989,1.823
3/1/1989,1.837
3/2/1989,1.842
3/3/1989,1.841
3/6/1989,1.853
3/7/1989,1.854
3/8/1989,1.859
3/9/1989,1.862
3/10/1989,1.863
3/13/1989,1.868
3/14/1989,1.858
3/15/1989,1.872
3/16/1989,1.872
3/17/1989,1.876
3/20/1989,1.876
3/21/1989,1.873
3/22/1989,1.869
3/23/1989,1.872
3/24/1989,1.874
3/27/1989,1.883
3/28/1989,1.894
3/29/1989,1.892
3/30/1989,1.898
3/31/1989,1.897
4/3/1989,1.883
4/4/1989,1.871
4/5/1989,1.872
4/6/1989,1.869
4/7/1989,1.875
4/10/1989,1.88
4/11/1989,1.887
4/12/1989,1.886
4/13/1989,1.874
4/14/1989,1.871
4/17/1989,1.856
4/18/1989,1.853
4/19/1989,1.862
4/20/1989,1.847
4/21/1989,1.849
4/24/1989,1.861
4/25/1989,1.866
4/26/1989,1.879
4/27/1989,1.877
4/28/1989,1.88
5/1/1989,1.891
5/2/1989,1.887
5/3/1989,1.89
5/4/1989,1.892
5/5/1989,1.899
5/8/1989,1.908
5/9/1989,1.916
5/10/1989,1.905
5/11/1989,1.914
5/12/1989,1.92
5/15/1989,1.942
5/16/1989,1.944
5/17/1989,1.973
5/18/1989,1.967
5/19/1989,1.97
5/22/1989,2.009
5/23/1989,2.008
5/24/1989,2.012
5/25/1989,1.995
5/26/1989,1.99
5/30/1989,2.009
5/31/1989,1.976
6/1/1989,1.984
6/2/1989,1.958
6/5/1989,1.963
6/6/1989,1.98
6/7/1989,1.962
6/8/1989,1.978
6/9/1989,2.003
6/12/1989,2.025
6/13/1989,2.027
6/14/1989,2.03
6/15/1989,2.024
6/16/1989,1.992
6/19/1989,1.974
6/20/1989,1.978
6/21/1989,1.97
6/22/1989,1.96
6/23/1989,1.941
6/26/1989,1.958
6/27/1989,1.957
6/28/1989,1.965
6/29/1989,1.956
6/30/1989,1.955
7/3/1989,1.929
7/5/1989,1.89
7/6/1989,1.891
7/7/1989,1.884
7/10/1989,1.858
7/11/1989,1.881
7/12/1989,1.876
7/13/1989,1.882
7/14/1989,1.904
7/17/1989,1.907
7/18/1989,1.892
7/19/1989,1.902
7/20/1989,1.901
7/21/1989,1.906
7/24/1989,1.909
7/25/1989,1.896
7/26/1989,1.875
7/27/1989,1.869
7/28/1989,1.888
7/31/1989,1.866
8/1/1989,1.865
8/2/1989,1.852
8/3/1989,1.866
8/4/1989,1.897
8/7/1989,1.906
8/8/1989,1.891
8/9/1989,1.901
8/10/1989,1.892
8/11/1989,1.939
8/14/1989,1.939
8/15/1989,1.947
8/16/1989,1.942
8/17/1989,1.969
8/18/1989,1.95
8/21/1989,1.952
8/22/1989,1.941
8/23/1989,1.957
8/24/1989,1.959
8/25/1989,1.954
8/28/1989,1.959
8/29/1989,1.938
8/30/1989,1.946
8/31/1989,1.958
9/1/1989,1.978
9/5/1989,1.991
9/6/1989,1.975
9/7/1989,1.985
9/8/1989,1.981
9/11/1989,1.987
9/12/1989,1.988
9/13/1989,1.981
9/14/1989,1.969
9/15/1989,2
9/18/1989,1.953
9/19/1989,1.95
9/20/1989,1.942
9/21/1989,1.944
9/22/1989,1.95
9/25/1989,1.906
9/26/1989,1.889
9/27/1989,1.883
9/28/1989,1.882
9/29/1989,1.873
10/2/1989,1.875
10/3/1989,1.887
10/4/1989,1.878
10/5/1989,1.886
10/6/1989,1.893
10/10/1989,1.897
10/11/1989,1.917
10/12/1989,1.908
10/13/1989,1.891
10/16/1989,1.866
10/17/1989,1.852
10/18/1989,1.854
10/19/1989,1.852
10/20/1989,1.854
10/23/1989,1.856
10/24/1989,1.839
10/25/1989,1.841
10/26/1989,1.838
10/27/1989,1.83
10/30/1989,1.837
10/31/1989,1.841
11/1/1989,1.838
11/2/1989,1.848
11/3/1989,1.848
11/6/1989,1.852
11/7/1989,1.845
11/8/1989,1.846
11/9/1989,1.849
11/10/1989,1.863
11/13/1989,1.862
11/14/1989,1.849
11/15/1989,1.839
11/16/1989,1.836
11/17/1989,1.842
11/20/1989,1.836
11/21/1989,1.821
11/22/1989,1.814
11/24/1989,1.805
11/27/1989,1.79
11/28/1989,1.788
11/29/1989,1.783
11/30/1989,1.78
12/1/1989,1.782
12/4/1989,1.781
12/5/1989,1.777
12/6/1989,1.766
12/7/1989,1.773
12/8/1989,1.772
12/11/1989,1.766
12/12/1989,1.734
12/13/1989,1.74
12/14/1989,1.737
12/15/1989,1.723
12/18/1989,1.726
12/19/1989,1.738
12/20/1989,1.741
12/21/1989,1.726
12/22/1989,1.708
12/26/1989,1.7
12/27/1989,1.69
12/28/1989,1.688
12/29/1989,1.69
1/2/1990,1.709
1/3/1990,1.721
1/4/1990,1.684
1/5/1990,1.681
1/8/1990,1.669
1/9/1990,1.682
1/10/1990,1.68
1/11/1990,1.682
1/12/1990,1.68
1/16/1990,1.695
1/17/1990,1.691
1/18/1990,1.709
1/19/1990,1.705
1/22/1990,1.723
1/23/1990,1.697
1/24/1990,1.687
1/25/1990,1.688
1/26/1990,1.693
1/29/1990,1.679
1/30/1990,1.682
1/31/1990,1.688
2/1/1990,1.682
2/2/1990,1.686
2/5/1990,1.67
2/6/1990,1.658
2/7/1990,1.655
2/8/1990,1.673
2/9/1990,1.675
2/12/1990,1.67
2/13/1990,1.677
2/14/1990,1.672
2/15/1990,1.681
2/16/1990,1.68
2/20/1990,1.675
2/21/1990,1.666
2/22/1990,1.67
2/23/1990,1.678
2/26/1990,1.692
2/27/1990,1.685
2/28/1990,1.697
3/1/1990,1.715
3/2/1990,1.72
3/5/1990,1.704
3/6/1990,1.701
3/7/1990,1.707
3/8/1990,1.702
3/9/1990,1.705
3/12/1990,1.711
3/13/1990,1.717
3/14/1990,1.713
3/15/1990,1.703
3/16/1990,1.695
3/19/1990,1.683
3/20/1990,1.697
3/21/1990,1.709
3/22/1990,1.705
3/23/1990,1.711
3/26/1990,1.712
3/27/1990,1.712
3/28/1990,1.711
3/29/1990,1.698
3/30/1990,1.688
4/2/1990,1.704
4/3/1990,1.701
4/4/1990,1.7
4/5/1990,1.7
4/6/1990,1.696
4/9/1990,1.693
4/10/1990,1.691
4/11/1990,1.675
4/12/1990,1.673
4/13/1990,1.673
4/16/1990,1.678
4/17/1990,1.678
4/18/1990,1.673
4/19/1990,1.677
4/20/1990,1.689
4/23/1990,1.698
4/24/1990,1.695
4/25/1990,1.683
4/26/1990,1.683
4/27/1990,1.676
4/30/1990,1.679
5/1/1990,1.681
5/2/1990,1.683
5/3/1990,1.683
5/4/1990,1.672
5/7/1990,1.656
5/8/1990,1.658
5/9/1990,1.638
5/10/1990,1.637
5/11/1990,1.631
5/14/1990,1.645
5/15/1990,1.647
5/16/1990,1.643
5/17/1990,1.648
5/18/1990,1.648
5/21/1990,1.664
5/22/1990,1.67
5/23/1990,1.673
5/24/1990,1.678
5/25/1990,1.683
5/29/1990,1.672
5/30/1990,1.682
5/31/1990,1.699
6/1/1990,1.694
6/4/1990,1.693
6/5/1990,1.692
6/6/1990,1.688
6/7/1990,1.692
6/8/1990,1.697
6/11/1990,1.692
6/12/1990,1.693
6/13/1990,1.693
6/14/1990,1.695
6/15/1990,1.694
6/18/1990,1.677
6/19/1990,1.669
6/20/1990,1.679
6/21/1990,1.681
6/22/1990,1.675
6/25/1990,1.678
6/26/1990,1.672
6/27/1990,1.664
6/28/1990,1.669
6/29/1990,1.666
7/2/1990,1.658
7/3/1990,1.652
7/5/1990,1.649
7/6/1990,1.654
7/9/1990,1.649
7/10/1990,1.646
7/11/1990,1.651
7/12/1990,1.658
7/13/1990,1.643
7/16/1990,1.653
7/17/1990,1.646
7/18/1990,1.644
7/19/1990,1.644
7/20/1990,1.642
7/23/1990,1.628
7/24/1990,1.619
7/25/1990,1.619
7/26/1990,1.623
7/27/1990,1.615
7/30/1990,1.609
7/31/1990,1.588
8/1/1990,1.593
8/2/1990,1.595
8/3/1990,1.593
8/6/1990,1.577
8/7/1990,1.581
8/8/1990,1.595
8/9/1990,1.592
8/10/1990,1.59
8/13/1990,1.577
8/14/1990,1.57
8/15/1990,1.563
8/16/1990,1.564
8/17/1990,1.551
8/20/1990,1.558
8/21/1990,1.555
8/22/1990,1.554
8/23/1990,1.548
8/24/1990,1.558
8/27/1990,1.552
8/28/1990,1.553
8/29/1990,1.558
8/30/1990,1.566
8/31/1990,1.576
9/4/1990,1.584
9/5/1990,1.564
9/6/1990,1.558
9/7/1990,1.566
9/10/1990,1.582
9/11/1990,1.592
9/12/1990,1.588
9/13/1990,1.575
9/14/1990,1.562
9/17/1990,1.558
9/18/1990,1.548
9/19/1990,1.569
9/20/1990,1.58
9/21/1990,1.578
9/24/1990,1.557
9/25/1990,1.564
9/26/1990,1.572
9/27/1990,1.571
9/28/1990,1.567
10/1/1990,1.552
10/2/1990,1.555
10/3/1990,1.545
10/4/1990,1.534
10/5/1990,1.547
10/9/1990,1.526
10/10/1990,1.528
10/11/1990,1.532
10/12/1990,1.518
10/15/1990,1.523
10/16/1990,1.516
10/17/1990,1.511
10/18/1990,1.511
10/19/1990,1.504
10/22/1990,1.517
10/23/1990,1.518
10/24/1990,1.508
10/25/1990,1.513
10/26/1990,1.517
10/29/1990,1.517
10/30/1990,1.519
10/31/1990,1.516
11/1/1990,1.508
11/2/1990,1.502
11/5/1990,1.487
11/6/1990,1.487
11/7/1990,1.482
11/8/1990,1.488
11/9/1990,1.488
11/13/1990,1.48
11/14/1990,1.472
11/15/1990,1.478
11/16/1990,1.471
11/19/1990,1.475
11/20/1990,1.477
11/21/1990,1.482
11/23/1990,1.486
11/26/1990,1.492
11/27/1990,1.48
11/28/1990,1.485
11/29/1990,1.497
11/30/1990,1.5
12/3/1990,1.514
12/4/1990,1.503
12/5/1990,1.503
12/6/1990,1.49
12/7/1990,1.479
12/10/1990,1.473
12/11/1990,1.481
12/12/1990,1.478
12/13/1990,1.481
12/14/1990,1.485
12/17/1990,1.487
12/18/1990,1.484
12/19/1990,1.479
12/20/1990,1.503
12/21/1990,1.527
12/24/1990,1.546
12/26/1990,1.532
12/27/1990,1.53
12/28/1990,1.497
12/31/1990,1.497
1/2/1991,1.49
1/3/1991,1.493
1/4/1991,1.508
1/7/1991,1.533
1/8/1991,1.531
1/9/1991,1.514
1/10/1991,1.532
1/11/1991,1.533
1/14/1991,1.545
1/15/1991,1.544
1/16/1991,1.544
1/17/1991,1.514
1/18/1991,1.504
1/22/1991,1.495
1/23/1991,1.488
1/24/1991,1.486
1/25/1991,1.49
1/28/1991,1.49
1/29/1991,1.488
1/30/1991,1.493
1/31/1991,1.479
2/1/1991,1.468
2/4/1991,1.465
2/5/1991,1.463
2/6/1991,1.451
2/7/1991,1.452
2/8/1991,1.457
2/11/1991,1.445
2/12/1991,1.453
2/13/1991,1.457
2/14/1991,1.466
2/15/1991,1.477
2/19/1991,1.493
2/20/1991,1.497
2/21/1991,1.491
2/22/1991,1.506
2/25/1991,1.523
2/26/1991,1.52
2/27/1991,1.522
2/28/1991,1.526
3/1/1991,1.538
3/4/1991,1.537
3/5/1991,1.534
3/6/1991,1.542
3/7/1991,1.548
3/8/1991,1.563
3/11/1991,1.58
3/12/1991,1.572
3/13/1991,1.577
3/14/1991,1.579
3/15/1991,1.599
3/18/1991,1.633
3/19/1991,1.654
3/20/1991,1.65
3/21/1991,1.638
3/22/1991,1.645
3/25/1991,1.671
3/26/1991,1.69
3/27/1991,1.706
3/28/1991,1.706
3/29/1991,1.698
4/1/1991,1.685
4/2/1991,1.678
4/3/1991,1.668
4/4/1991,1.665
4/5/1991,1.681
4/8/1991,1.689
4/9/1991,1.668
4/10/1991,1.679
4/11/1991,1.671
4/12/1991,1.684
4/15/1991,1.677
4/16/1991,1.665
4/17/1991,1.673
4/18/1991,1.689
4/19/1991,1.737
4/22/1991,1.767
4/23/1991,1.742
4/24/1991,1.754
4/25/1991,1.748
4/26/1991,1.755
4/29/1991,1.769
4/30/1991,1.719
5/1/1991,1.706
5/2/1991,1.724
5/3/1991,1.748
5/6/1991,1.738
5/7/1991,1.721
5/8/1991,1.733
5/9/1991,1.744
5/10/1991,1.727
5/13/1991,1.714
5/14/1991,1.702
5/15/1991,1.691
5/16/1991,1.698
5/17/1991,1.738
5/20/1991,1.728
5/21/1991,1.713
5/22/1991,1.722
5/23/1991,1.714
5/24/1991,1.708
5/28/1991,1.698
5/29/1991,1.713
5/30/1991,1.721
5/31/1991,1.74
6/3/1991,1.746
6/4/1991,1.739
6/5/1991,1.749
6/6/1991,1.753
6/7/1991,1.77
6/10/1991,1.771
6/11/1991,1.773
6/12/1991,1.792
6/13/1991,1.798
6/14/1991,1.79
6/17/1991,1.798
6/18/1991,1.814
6/19/1991,1.79
6/20/1991,1.798
6/21/1991,1.799
6/24/1991,1.785
6/25/1991,1.799
6/26/1991,1.785
6/27/1991,1.796
6/28/1991,1.814
7/1/1991,1.822
7/2/1991,1.835
7/3/1991,1.831
7/5/1991,1.827
7/8/1991,1.811
7/9/1991,1.818
7/10/1991,1.815
7/11/1991,1.834
7/12/1991,1.789
7/15/1991,1.788
7/16/1991,1.8
7/17/1991,1.79
7/18/1991,1.771
7/19/1991,1.749
7/22/1991,1.759
7/23/1991,1.757
7/24/1991,1.737
7/25/1991,1.756
7/26/1991,1.739
7/29/1991,1.753
7/30/1991,1.752
7/31/1991,1.747
8/1/1991,1.758
8/2/1991,1.735
8/5/1991,1.72
8/6/1991,1.713
8/7/1991,1.709
8/8/1991,1.724
8/9/1991,1.728
8/12/1991,1.725
8/13/1991,1.731
8/14/1991,1.735
8/15/1991,1.733
8/16/1991,1.761
8/19/1991,1.817
8/20/1991,1.804
8/21/1991,1.753
8/22/1991,1.728
8/23/1991,1.753
8/26/1991,1.748
8/27/1991,1.749
8/28/1991,1.74
8/29/1991,1.747
8/30/1991,1.749
9/3/1991,1.74
9/4/1991,1.737
9/5/1991,1.74
9/6/1991,1.733
9/9/1991,1.695
9/10/1991,1.694
9/11/1991,1.697
9/12/1991,1.687
9/13/1991,1.685
9/16/1991,1.674
9/17/1991,1.671
9/18/1991,1.682
9/19/1991,1.69
9/20/1991,1.688
9/23/1991,1.673
9/24/1991,1.678
9/25/1991,1.683
9/26/1991,1.684
9/27/1991,1.676
9/30/1991,1.663
10/1/1991,1.666
10/2/1991,1.663
10/3/1991,1.666
10/4/1991,1.678
10/7/1991,1.681
10/8/1991,1.696
10/9/1991,1.692
10/10/1991,1.694
10/11/1991,1.693
10/15/1991,1.712
10/16/1991,1.702
10/17/1991,1.703
10/18/1991,1.689
10/21/1991,1.691
10/22/1991,1.695
10/23/1991,1.704
10/24/1991,1.7
10/25/1991,1.701
10/28/1991,1.711
10/29/1991,1.691
10/30/1991,1.672
10/31/1991,1.668
11/1/1991,1.662
11/4/1991,1.632
11/5/1991,1.643
11/6/1991,1.641
11/7/1991,1.631
11/8/1991,1.643
11/12/1991,1.637
11/13/1991,1.639
11/14/1991,1.631
11/15/1991,1.638
11/18/1991,1.606
11/19/1991,1.603
11/20/1991,1.603
11/21/1991,1.597
11/22/1991,1.586
11/25/1991,1.583
11/26/1991,1.58
11/27/1991,1.616
11/29/1991,1.627
12/2/1991,1.609
12/3/1991,1.614
12/4/1991,1.615
12/5/1991,1.59
12/6/1991,1.573
12/9/1991,1.575
12/10/1991,1.578
12/11/1991,1.576
12/12/1991,1.581
12/13/1991,1.583
12/16/1991,1.579
12/17/1991,1.577
12/18/1991,1.574
12/19/1991,1.559
12/20/1991,1.535
12/23/1991,1.515
12/24/1991,1.525
12/26/1991,1.511
12/27/1991,1.517
12/30/1991,1.52
12/31/1991,1.52
1/2/1992,1.528
1/3/1992,1.547
1/6/1992,1.519
1/7/1992,1.521
1/8/1992,1.515
1/9/1992,1.547
1/10/1992,1.583
1/13/1992,1.573
1/14/1992,1.591
1/15/1992,1.622
1/16/1992,1.618
1/17/1992,1.608
1/21/1992,1.584
1/22/1992,1.587
1/23/1992,1.596
1/24/1992,1.586
1/27/1992,1.617
1/28/1992,1.596
1/29/1992,1.59
1/30/1992,1.622
1/31/1992,1.608
2/3/1992,1.598
2/4/1992,1.593
2/5/1992,1.59
2/6/1992,1.577
2/7/1992,1.56
2/10/1992,1.572
2/11/1992,1.592
2/12/1992,1.606
2/13/1992,1.623
2/14/1992,1.629
2/18/1992,1.649
2/19/1992,1.647
2/20/1992,1.647
2/21/1992,1.65
2/24/1992,1.649
2/25/1992,1.641
2/26/1992,1.653
2/27/1992,1.644
2/28/1992,1.637
3/2/1992,1.641
3/3/1992,1.657
3/4/1992,1.672
3/5/1992,1.672
3/6/1992,1.67
3/9/1992,1.665
3/10/1992,1.672
3/11/1992,1.665
3/12/1992,1.673
3/13/1992,1.667
3/16/1992,1.666
3/17/1992,1.653
3/18/1992,1.649
3/19/1992,1.67
3/20/1992,1.678
3/23/1992,1.67
3/24/1992,1.665
3/25/1992,1.651
3/26/1992,1.662
3/27/1992,1.645
3/30/1992,1.649
3/31/1992,1.647
4/1/1992,1.651
4/2/1992,1.646
4/3/1992,1.624
4/6/1992,1.622
4/7/1992,1.625
4/8/1992,1.626
4/9/1992,1.621
4/10/1992,1.638
4/13/1992,1.655
4/14/1992,1.645
4/15/1992,1.662
4/16/1992,1.666
4/17/1992,1.669
4/20/1992,1.674
4/21/1992,1.67
4/22/1992,1.663
4/23/1992,1.662
4/24/1992,1.652
4/27/1992,1.651
4/28/1992,1.656
4/29/1992,1.657
4/30/1992,1.653
5/1/1992,1.641
5/4/1992,1.644
5/5/1992,1.642
5/6/1992,1.632
5/7/1992,1.636
5/8/1992,1.647
5/11/1992,1.642
5/12/1992,1.622
5/13/1992,1.622
5/14/1992,1.613
5/15/1992,1.615
5/18/1992,1.595
5/19/1992,1.591
5/20/1992,1.601
5/21/1992,1.615
5/22/1992,1.619
5/26/1992,1.608
5/27/1992,1.634
5/28/1992,1.627
5/29/1992,1.607
6/1/1992,1.611
6/2/1992,1.607
6/3/1992,1.604
6/4/1992,1.6
6/5/1992,1.588
6/8/1992,1.59
6/9/1992,1.591
6/10/1992,1.594
6/11/1992,1.579
6/12/1992,1.577
6/15/1992,1.571
6/16/1992,1.568
6/17/1992,1.578
6/18/1992,1.565
6/19/1992,1.571
6/22/1992,1.566
6/23/1992,1.565
6/24/1992,1.552
6/25/1992,1.542
6/26/1992,1.539
6/29/1992,1.517
6/30/1992,1.524
7/1/1992,1.518
7/2/1992,1.514
7/3/1992,1.517
7/6/1992,1.513
7/7/1992,1.5
7/8/1992,1.497
7/9/1992,1.518
7/10/1992,1.496
7/13/1992,1.479
7/14/1992,1.491
7/15/1992,1.478
7/16/1992,1.476
7/17/1992,1.46
7/20/1992,1.482
7/21/1992,1.489
7/22/1992,1.489
7/23/1992,1.484
7/24/1992,1.502
7/27/1992,1.483
7/28/1992,1.474
7/29/1992,1.484
7/30/1992,1.482
7/31/1992,1.481
8/3/1992,1.478
8/4/1992,1.475
8/5/1992,1.478
8/6/1992,1.482
8/7/1992,1.465
8/10/1992,1.468
8/11/1992,1.471
8/12/1992,1.465
8/13/1992,1.459
8/14/1992,1.468
8/17/1992,1.463
8/18/1992,1.458
8/19/1992,1.453
8/20/1992,1.448
8/21/1992,1.438
8/24/1992,1.404
8/25/1992,1.4
8/26/1992,1.407
8/27/1992,1.411
8/28/1992,1.407
8/31/1992,1.402
9/1/1992,1.394
9/2/1992,1.391
9/3/1992,1.412
9/4/1992,1.405
9/8/1992,1.392
9/9/1992,1.412
9/10/1992,1.411
9/11/1992,1.452
9/14/1992,1.486
9/15/1992,1.487
9/16/1992,1.518
9/17/1992,1.482
9/18/1992,1.502
9/21/1992,1.482
9/22/1992,1.491
9/23/1992,1.502
9/24/1992,1.486
9/25/1992,1.486
9/28/1992,1.452
9/29/1992,1.426
9/30/1992,1.415
10/1/1992,1.426
10/2/1992,1.409
10/5/1992,1.405
10/6/1992,1.43
10/7/1992,1.443
10/8/1992,1.472
10/9/1992,1.487
10/13/1992,1.472
10/14/1992,1.463
10/15/1992,1.45
10/16/1992,1.477
10/19/1992,1.485
10/20/1992,1.52
10/21/1992,1.509
10/22/1992,1.511
10/23/1992,1.532
10/26/1992,1.539
10/27/1992,1.536
10/28/1992,1.54
10/29/1992,1.541
10/30/1992,1.543
11/2/1992,1.567
11/3/1992,1.563
11/4/1992,1.568
11/5/1992,1.578
11/6/1992,1.595
11/9/1992,1.589
11/10/1992,1.597
11/12/1992,1.588
11/13/1992,1.566
11/16/1992,1.593
11/17/1992,1.6
11/18/1992,1.597
11/19/1992,1.58
11/20/1992,1.593
11/23/1992,1.602
11/24/1992,1.602
11/25/1992,1.594
11/27/1992,1.599
11/30/1992,1.594
12/1/1992,1.582
12/2/1992,1.572
12/3/1992,1.582
12/4/1992,1.598
12/7/1992,1.568
12/8/1992,1.556
12/9/1992,1.571
12/10/1992,1.582
12/11/1992,1.577
12/14/1992,1.57
12/15/1992,1.568
12/16/1992,1.555
12/17/1992,1.562
12/18/1992,1.567
12/21/1992,1.567
12/22/1992,1.587
12/23/1992,1.595
12/24/1992,1.599
12/28/1992,1.608
12/29/1992,1.613
12/30/1992,1.614
12/31/1992,1.62
1/4/1993,1.638
1/5/1993,1.625
1/6/1993,1.635
1/7/1993,1.637
1/8/1993,1.639
1/11/1993,1.63
1/12/1993,1.632
1/13/1993,1.633
1/14/1993,1.62
1/15/1993,1.634
1/19/1993,1.612
1/20/1993,1.607
1/21/1993,1.616
1/22/1993,1.59
1/25/1993,1.573
1/26/1993,1.577
1/27/1993,1.583
1/28/1993,1.586
1/29/1993,1.611
2/1/1993,1.638
2/2/1993,1.642
2/3/1993,1.646
2/4/1993,1.654
2/5/1993,1.655
2/8/1993,1.655
2/9/1993,1.652
2/10/1993,1.655
2/11/1993,1.658
2/12/1993,1.663
2/16/1993,1.633
2/17/1993,1.629
2/18/1993,1.634
2/19/1993,1.636
2/22/1993,1.629
2/23/1993,1.614
2/24/1993,1.619
2/25/1993,1.634
2/26/1993,1.642
3/1/1993,1.647
3/2/1993,1.643
3/3/1993,1.648
3/4/1993,1.636
3/5/1993,1.668
3/8/1993,1.663
3/9/1993,1.668
3/10/1993,1.666
3/11/1993,1.662
3/12/1993,1.666
3/15/1993,1.662
3/16/1993,1.664
3/17/1993,1.665
3/18/1993,1.654
3/19/1993,1.634
3/22/1993,1.638
3/23/1993,1.632
3/24/1993,1.629
3/25/1993,1.642
3/26/1993,1.63
3/29/1993,1.63
3/30/1993,1.618
3/31/1993,1.611
4/1/1993,1.597
4/2/1993,1.611
4/5/1993,1.596
4/6/1993,1.613
4/7/1993,1.616
4/8/1993,1.607
4/9/1993,1.604
4/12/1993,1.593
4/13/1993,1.58
4/14/1993,1.591
4/15/1993,1.605
4/16/1993,1.615
4/19/1993,1.601
4/20/1993,1.599
4/21/1993,1.605
4/22/1993,1.606
4/23/1993,1.583
4/26/1993,1.568
4/27/1993,1.58
4/28/1993,1.585
4/29/1993,1.582
4/30/1993,1.588
5/3/1993,1.584
5/4/1993,1.572
5/5/1993,1.58
5/6/1993,1.579
5/7/1993,1.584
5/10/1993,1.604
5/11/1993,1.609
5/12/1993,1.612
5/13/1993,1.615
5/14/1993,1.602
5/17/1993,1.618
5/18/1993,1.625
5/19/1993,1.624
5/20/1993,1.613
5/21/1993,1.627
5/24/1993,1.637
5/25/1993,1.629
5/26/1993,1.632
5/27/1993,1.613
5/28/1993,1.588
6/1/1993,1.592
6/2/1993,1.597
6/3/1993,1.601
6/4/1993,1.624
6/7/1993,1.621
6/8/1993,1.625
6/9/1993,1.638
6/10/1993,1.634
6/11/1993,1.622
6/14/1993,1.626
6/15/1993,1.637
6/16/1993,1.659
6/17/1993,1.657
6/18/1993,1.68
6/21/1993,1.69
6/22/1993,1.698
6/23/1993,1.694
6/24/1993,1.709
6/25/1993,1.704
6/28/1993,1.7
6/29/1993,1.693
6/30/1993,1.706
7/1/1993,1.702
7/2/1993,1.696
7/6/1993,1.7
7/7/1993,1.708
7/8/1993,1.705
7/9/1993,1.722
7/12/1993,1.729
7/13/1993,1.72
7/14/1993,1.717
7/15/1993,1.724
7/16/1993,1.723
7/19/1993,1.706
7/20/1993,1.71
7/21/1993,1.698
7/22/1993,1.708
7/23/1993,1.719
7/26/1993,1.724
7/27/1993,1.727
7/28/1993,1.719
7/29/1993,1.736
7/30/1993,1.741
8/2/1993,1.716
8/3/1993,1.704
8/4/1993,1.711
8/5/1993,1.716
8/6/1993,1.698
8/9/1993,1.697
8/10/1993,1.708
8/11/1993,1.718
8/12/1993,1.718
8/13/1993,1.711
8/16/1993,1.687
8/17/1993,1.697
8/18/1993,1.684
8/19/1993,1.686
8/20/1993,1.679
8/23/1993,1.69
8/24/1993,1.683
8/25/1993,1.689
8/26/1993,1.669
8/27/1993,1.667
8/30/1993,1.674
8/31/1993,1.678
9/1/1993,1.66
9/2/1993,1.648
9/3/1993,1.622
9/7/1993,1.611
9/8/1993,1.62
9/9/1993,1.6
9/10/1993,1.598
9/13/1993,1.612
9/14/1993,1.607
9/15/1993,1.594
9/16/1993,1.607
9/17/1993,1.611
9/20/1993,1.614
9/21/1993,1.641
9/22/1993,1.629
9/23/1993,1.645
9/24/1993,1.649
9/27/1993,1.631
9/28/1993,1.617
9/29/1993,1.614
9/30/1993,1.634
10/1/1993,1.631
10/4/1993,1.625
10/5/1993,1.624
10/6/1993,1.623
10/7/1993,1.623
10/8/1993,1.606
10/12/1993,1.597
10/13/1993,1.604
10/14/1993,1.614
10/15/1993,1.615
10/18/1993,1.628
10/19/1993,1.638
10/20/1993,1.646
10/21/1993,1.664
10/22/1993,1.675
10/25/1993,1.672
10/26/1993,1.684
10/27/1993,1.682
10/28/1993,1.686
10/29/1993,1.677
11/1/1993,1.694
11/2/1993,1.695
11/3/1993,1.694
11/4/1993,1.697
11/5/1993,1.692
11/8/1993,1.686
11/9/1993,1.695
11/10/1993,1.692
11/12/1993,1.693
11/15/1993,1.691
11/16/1993,1.705
11/17/1993,1.706
11/18/1993,1.712
11/19/1993,1.716
11/22/1993,1.704
11/23/1993,1.701
11/24/1993,1.702
11/26/1993,1.712
11/29/1993,1.709
11/30/1993,1.718
12/1/1993,1.718
12/2/1993,1.722
12/3/1993,1.722
12/6/1993,1.707
12/7/1993,1.706
12/8/1993,1.706
12/9/1993,1.706
12/10/1993,1.698
12/13/1993,1.705
12/14/1993,1.714
12/15/1993,1.716
12/16/1993,1.709
12/17/1993,1.705
12/20/1993,1.714
12/21/1993,1.709
12/22/1993,1.702
12/23/1993,1.694
12/24/1993,1.698
12/27/1993,1.701
12/28/1993,1.701
12/29/1993,1.718
12/30/1993,1.735
12/31/1993,1.74
1/3/1994,1.742
1/4/1994,1.738
1/5/1994,1.741
1/6/1994,1.743
1/7/1994,1.732
1/10/1994,1.734
1/11/1994,1.74
1/12/1994,1.735
1/13/1994,1.751
1/14/1994,1.751
1/18/1994,1.747
1/19/1994,1.747
1/20/1994,1.737
1/21/1994,1.747
1/24/1994,1.751
1/25/1994,1.754
1/26/1994,1.747
1/27/1994,1.745
1/28/1994,1.733
1/31/1994,1.74
2/1/1994,1.732
2/2/1994,1.734
2/3/1994,1.737
2/4/1994,1.752
2/7/1994,1.761
2/8/1994,1.763
2/9/1994,1.758
2/10/1994,1.754
2/11/1994,1.753
2/14/1994,1.743
2/15/1994,1.728
2/16/1994,1.724
2/17/1994,1.731
2/18/1994,1.719
2/22/1994,1.726
2/23/1994,1.729
2/24/1994,1.721
2/25/1994,1.709
2/28/1994,1.704
3/1/1994,1.712
3/2/1994,1.703
3/3/1994,1.708
3/4/1994,1.718
3/7/1994,1.718
3/8/1994,1.717
3/9/1994,1.709
3/10/1994,1.688
3/11/1994,1.677
3/14/1994,1.691
3/15/1994,1.694
3/16/1994,1.689
3/17/1994,1.685
3/18/1994,1.691
3/21/1994,1.698
3/22/1994,1.687
3/23/1994,1.686
3/24/1994,1.668
3/25/1994,1.667
3/28/1994,1.673
3/29/1994,1.675
3/30/1994,1.674
3/31/1994,1.668
4/1/1994,1.695
4/4/1994,1.698
4/5/1994,1.711
4/6/1994,1.715
4/7/1994,1.719
4/8/1994,1.711
4/11/1994,1.712
4/12/1994,1.72
4/13/1994,1.712
4/14/1994,1.709
4/15/1994,1.712
4/18/1994,1.719
4/19/1994,1.701
4/20/1994,1.695
4/21/1994,1.69
4/22/1994,1.694
4/25/1994,1.679
4/26/1994,1.679
4/27/1994,1.671
4/28/1994,1.667
4/29/1994,1.661
5/2/1994,1.647
5/3/1994,1.641
5/4/1994,1.659
5/5/1994,1.667
5/6/1994,1.663
5/9/1994,1.654
5/10/1994,1.672
5/11/1994,1.672
5/12/1994,1.668
5/13/1994,1.67
5/16/1994,1.674
5/17/1994,1.666
5/18/1994,1.657
5/19/1994,1.655
5/20/1994,1.647
5/23/1994,1.646
5/24/1994,1.654
5/25/1994,1.645
5/26/1994,1.644
5/27/1994,1.644
5/31/1994,1.645
6/1/1994,1.645
6/2/1994,1.654
6/3/1994,1.668
6/6/1994,1.668
6/7/1994,1.667
6/8/1994,1.671
6/9/1994,1.675
6/10/1994,1.666
6/13/1994,1.647
6/14/1994,1.644
6/15/1994,1.636
6/16/1994,1.632
6/17/1994,1.612
6/20/1994,1.601
6/21/1994,1.593
6/22/1994,1.606
6/23/1994,1.601
6/24/1994,1.587
6/27/1994,1.578
6/28/1994,1.581
6/29/1994,1.584
6/30/1994,1.585
7/1/1994,1.593
7/5/1994,1.584
7/6/1994,1.569
7/7/1994,1.574
7/8/1994,1.566
7/11/1994,1.536
7/12/1994,1.522
7/13/1994,1.536
7/14/1994,1.549
7/15/1994,1.557
7/18/1994,1.546
7/19/1994,1.566
7/20/1994,1.562
7/21/1994,1.575
7/22/1994,1.592
7/25/1994,1.591
7/26/1994,1.587
7/27/1994,1.576
7/28/1994,1.582
7/29/1994,1.588
8/1/1994,1.578
8/2/1994,1.579
8/3/1994,1.581
8/4/1994,1.582
8/5/1994,1.58
8/8/1994,1.58
8/9/1994,1.582
8/10/1994,1.577
8/11/1994,1.578
8/12/1994,1.559
8/15/1994,1.551
8/16/1994,1.551
8/17/1994,1.556
8/18/1994,1.547
8/19/1994,1.54
8/22/1994,1.531
8/23/1994,1.539
8/24/1994,1.546
8/25/1994,1.547
8/26/1994,1.567
8/29/1994,1.579
8/30/1994,1.578
8/31/1994,1.58
9/1/1994,1.574
9/2/1994,1.557
9/6/1994,1.544
9/7/1994,1.549
9/8/1994,1.558
9/9/1994,1.539
9/12/1994,1.541
9/13/1994,1.548
9/14/1994,1.54
9/15/1994,1.548
9/16/1994,1.535
9/19/1994,1.552
9/20/1994,1.555
9/21/1994,1.548
9/22/1994,1.547
9/23/1994,1.544
9/26/1994,1.556
9/27/1994,1.549
9/28/1994,1.55
9/29/1994,1.548
9/30/1994,1.551
10/3/1994,1.555
10/4/1994,1.551
10/5/1994,1.543
10/6/1994,1.545
10/7/1994,1.545
10/11/1994,1.548
10/12/1994,1.543
10/13/1994,1.541
10/14/1994,1.52
10/17/1994,1.501
10/18/1994,1.502
10/19/1994,1.503
10/20/1994,1.502
10/21/1994,1.499
10/24/1994,1.497
10/25/1994,1.492
10/26/1994,1.496
10/27/1994,1.497
10/28/1994,1.51
10/31/1994,1.504
11/1/1994,1.497
11/2/1994,1.504
11/3/1994,1.524
11/4/1994,1.522
11/7/1994,1.514
11/8/1994,1.507
11/9/1994,1.529
11/10/1994,1.533
11/14/1994,1.541
11/15/1994,1.545
11/16/1994,1.552
11/17/1994,1.546
11/18/1994,1.555
11/21/1994,1.56
11/22/1994,1.555
11/23/1994,1.552
11/25/1994,1.56
11/28/1994,1.565
11/29/1994,1.567
11/30/1994,1.569
12/1/1994,1.574
12/2/1994,1.577
12/5/1994,1.572
12/6/1994,1.575
12/7/1994,1.572
12/8/1994,1.577
12/9/1994,1.578
12/12/1994,1.574
12/13/1994,1.571
12/14/1994,1.571
12/15/1994,1.571
12/16/1994,1.573
12/19/1994,1.574
12/20/1994,1.573
12/21/1994,1.571
12/22/1994,1.578
12/23/1994,1.58
12/27/1994,1.577
12/28/1994,1.571
12/29/1994,1.55
12/30/1994,1.55
1/3/1995,1.555
1/4/1995,1.561
1/5/1995,1.552
1/6/1995,1.56
1/9/1995,1.546
1/10/1995,1.54
1/11/1995,1.536
1/12/1995,1.527
1/13/1995,1.536
1/17/1995,1.531
1/18/1995,1.53
1/19/1995,1.523
1/20/1995,1.513
1/23/1995,1.512
1/24/1995,1.513
1/25/1995,1.516
1/26/1995,1.514
1/27/1995,1.516
1/30/1995,1.504
1/31/1995,1.523
2/1/1995,1.524
2/2/1995,1.519
2/3/1995,1.526
2/6/1995,1.531
2/7/1995,1.536
2/8/1995,1.533
2/9/1995,1.528
2/10/1995,1.522
2/13/1995,1.521
2/14/1995,1.514
2/15/1995,1.512
2/16/1995,1.492
2/17/1995,1.489
2/21/1995,1.477
2/22/1995,1.471
2/23/1995,1.47
2/24/1995,1.467
2/27/1995,1.457
2/28/1995,1.457
3/1/1995,1.465
3/2/1995,1.459
3/3/1995,1.435
3/6/1995,1.399
3/7/1995,1.374
3/8/1995,1.394
3/9/1995,1.394
3/10/1995,1.412
3/13/1995,1.408
3/14/1995,1.413
3/15/1995,1.386
3/16/1995,1.397
3/17/1995,1.386
3/20/1995,1.401
3/21/1995,1.417
3/22/1995,1.406
3/23/1995,1.407
3/24/1995,1.419
3/27/1995,1.406
3/28/1995,1.392
3/29/1995,1.384
3/30/1995,1.412
3/31/1995,1.379
4/3/1995,1.374
4/4/1995,1.384
4/5/1995,1.381
4/6/1995,1.376
4/7/1995,1.384
4/10/1995,1.41
4/11/1995,1.402
4/12/1995,1.404
4/13/1995,1.39
4/14/1995,1.391
4/17/1995,1.37
4/18/1995,1.365
4/19/1995,1.357
4/20/1995,1.381
4/21/1995,1.375
4/24/1995,1.375
4/25/1995,1.368
4/26/1995,1.378
4/27/1995,1.376
4/28/1995,1.386
5/1/1995,1.39
5/2/1995,1.379
5/3/1995,1.374
5/4/1995,1.369
5/5/1995,1.372
5/8/1995,1.364
5/9/1995,1.373
5/10/1995,1.392
5/11/1995,1.429
5/12/1995,1.447
5/15/1995,1.445
5/16/1995,1.436
5/17/1995,1.437
5/18/1995,1.457
5/19/1995,1.44
5/22/1995,1.44
5/23/1995,1.447
5/24/1995,1.439
5/25/1995,1.404
5/26/1995,1.379
5/30/1995,1.388
5/31/1995,1.414
6/1/1995,1.418
6/2/1995,1.419
6/5/1995,1.405
6/6/1995,1.416
6/7/1995,1.405
6/8/1995,1.415
6/9/1995,1.404
6/12/1995,1.401
6/13/1995,1.406
6/14/1995,1.401
6/15/1995,1.413
6/16/1995,1.402
6/19/1995,1.404
6/20/1995,1.394
6/21/1995,1.392
6/22/1995,1.399
6/23/1995,1.388
6/26/1995,1.393
6/27/1995,1.384
6/28/1995,1.402
6/29/1995,1.384
6/30/1995,1.384
7/3/1995,1.381
7/5/1995,1.38
7/6/1995,1.382
7/7/1995,1.393
7/10/1995,1.397
7/11/1995,1.404
7/12/1995,1.403
7/13/1995,1.392
7/14/1995,1.392
7/17/1995,1.395
7/18/1995,1.388
7/19/1995,1.387
7/20/1995,1.38
7/21/1995,1.387
7/24/1995,1.384
7/25/1995,1.395
7/26/1995,1.388
7/27/1995,1.382
7/28/1995,1.38
7/31/1995,1.385
8/1/1995,1.382
8/2/1995,1.399
8/3/1995,1.39
8/4/1995,1.394
8/7/1995,1.406
8/8/1995,1.41
8/9/1995,1.407
8/10/1995,1.422
8/11/1995,1.435
8/14/1995,1.436
8/15/1995,1.474
8/16/1995,1.475
8/17/1995,1.478
8/18/1995,1.473
8/21/1995,1.472
8/22/1995,1.484
8/23/1995,1.482
8/24/1995,1.477
8/25/1995,1.479
8/28/1995,1.463
8/29/1995,1.472
8/30/1995,1.476
8/31/1995,1.468
9/1/1995,1.466
9/5/1995,1.463
9/6/1995,1.479
9/7/1995,1.476
9/8/1995,1.48
9/11/1995,1.472
9/12/1995,1.471
9/13/1995,1.493
9/14/1995,1.485
9/15/1995,1.488
9/18/1995,1.486
9/19/1995,1.485
9/20/1995,1.467
9/21/1995,1.435
9/22/1995,1.411
9/25/1995,1.428
9/26/1995,1.438
9/27/1995,1.427
9/28/1995,1.422
9/29/1995,1.43
10/2/1995,1.429
10/3/1995,1.441
10/4/1995,1.433
10/5/1995,1.427
10/6/1995,1.426
10/10/1995,1.419
10/11/1995,1.426
10/12/1995,1.422
10/13/1995,1.431
10/16/1995,1.421
10/17/1995,1.415
10/18/1995,1.422
10/19/1995,1.411
10/20/1995,1.399
10/23/1995,1.386
10/24/1995,1.387
10/25/1995,1.394
10/26/1995,1.403
10/27/1995,1.401
10/30/1995,1.404
10/31/1995,1.407
11/1/1995,1.415
11/2/1995,1.418
11/3/1995,1.415
11/6/1995,1.414
11/7/1995,1.418
11/8/1995,1.418
11/9/1995,1.412
11/10/1995,1.413
11/13/1995,1.419
11/14/1995,1.414
11/15/1995,1.403
11/16/1995,1.41
11/17/1995,1.402
11/20/1995,1.41
11/21/1995,1.41
11/22/1995,1.406
11/24/1995,1.418
11/27/1995,1.437
11/28/1995,1.432
11/29/1995,1.436
11/30/1995,1.447
12/1/1995,1.444
12/4/1995,1.439
12/5/1995,1.437
12/6/1995,1.445
12/7/1995,1.444
12/8/1995,1.447
12/11/1995,1.444
12/12/1995,1.449
12/13/1995,1.451
12/14/1995,1.441
12/15/1995,1.443
12/18/1995,1.431
12/19/1995,1.439
12/20/1995,1.442
12/21/1995,1.44
12/22/1995,1.439
12/26/1995,1.434
12/27/1995,1.431
12/28/1995,1.442
12/29/1995,1.435
1/2/1996,1.435
1/3/1996,1.441
1/4/1996,1.454
1/5/1996,1.439
1/8/1996,1.44
1/9/1996,1.442
1/10/1996,1.441
1/11/1996,1.44
1/12/1996,1.441
1/16/1996,1.459
1/17/1996,1.466
1/18/1996,1.47
1/19/1996,1.482
1/22/1996,1.477
1/23/1996,1.482
1/24/1996,1.485
1/25/1996,1.488
1/26/1996,1.491
1/29/1996,1.485
1/30/1996,1.489
1/31/1996,1.49
2/1/1996,1.493
2/2/1996,1.486
2/5/1996,1.466
2/6/1996,1.473
2/7/1996,1.479
2/8/1996,1.476
2/9/1996,1.479
2/12/1996,1.473
2/13/1996,1.478
2/14/1996,1.467
2/15/1996,1.47
2/16/1996,1.46
2/20/1996,1.453
2/21/1996,1.454
2/22/1996,1.451
2/23/1996,1.445
2/26/1996,1.448
2/27/1996,1.451
2/28/1996,1.466
2/29/1996,1.47
3/1/1996,1.479
3/4/1996,1.477
3/5/1996,1.475
3/6/1996,1.476
3/7/1996,1.479
3/8/1996,1.488
3/11/1996,1.481
3/12/1996,1.478
3/13/1996,1.475
3/14/1996,1.474
3/15/1996,1.474
3/18/1996,1.477
3/19/1996,1.476
3/20/1996,1.473
3/21/1996,1.478
3/22/1996,1.477
3/25/1996,1.479
3/26/1996,1.477
3/27/1996,1.487
3/28/1996,1.476
3/29/1996,1.477
4/1/1996,1.483
4/2/1996,1.481
4/3/1996,1.48
4/4/1996,1.481
4/5/1996,1.484
4/8/1996,1.477
4/9/1996,1.493
4/10/1996,1.501
4/11/1996,1.503
4/12/1996,1.504
4/15/1996,1.511
4/16/1996,1.511
4/17/1996,1.507
4/18/1996,1.508
4/19/1996,1.507
4/22/1996,1.516
4/23/1996,1.519
4/24/1996,1.522
4/25/1996,1.529
4/26/1996,1.529
4/29/1996,1.523
4/30/1996,1.53
5/1/1996,1.535
5/2/1996,1.53
5/3/1996,1.527
5/6/1996,1.527
5/7/1996,1.522
5/8/1996,1.516
5/9/1996,1.517
5/10/1996,1.528
5/13/1996,1.532
5/14/1996,1.535
5/15/1996,1.532
5/16/1996,1.535
5/17/1996,1.528
5/20/1996,1.534
5/21/1996,1.542
5/22/1996,1.54
5/23/1996,1.541
5/24/1996,1.544
5/28/1996,1.548
5/29/1996,1.545
5/30/1996,1.533
5/31/1996,1.527
6/3/1996,1.529
6/4/1996,1.533
6/5/1996,1.531
6/6/1996,1.533
6/7/1996,1.534
6/10/1996,1.534
6/11/1996,1.537
6/12/1996,1.536
6/13/1996,1.533
6/14/1996,1.525
6/17/1996,1.517
6/18/1996,1.516
6/19/1996,1.521
6/20/1996,1.523
6/21/1996,1.532
6/24/1996,1.53
6/25/1996,1.53
6/26/1996,1.528
6/27/1996,1.522
6/28/1996,1.521
7/1/1996,1.524
7/2/1996,1.526
7/3/1996,1.523
7/5/1996,1.532
7/8/1996,1.529
7/9/1996,1.525
7/10/1996,1.526
7/11/1996,1.521
7/12/1996,1.522
7/15/1996,1.52
7/16/1996,1.49
7/17/1996,1.485
7/18/1996,1.486
7/19/1996,1.489
7/22/1996,1.484
7/23/1996,1.49
7/24/1996,1.49
7/25/1996,1.48
7/26/1996,1.483
7/29/1996,1.48
7/30/1996,1.479
7/31/1996,1.473
8/1/1996,1.474
8/2/1996,1.478
8/5/1996,1.483
8/6/1996,1.483
8/7/1996,1.485
8/8/1996,1.484
8/9/1996,1.479
8/12/1996,1.477
8/13/1996,1.476
8/14/1996,1.487
8/15/1996,1.486
8/16/1996,1.494
8/19/1996,1.487
8/20/1996,1.489
8/21/1996,1.483
8/22/1996,1.491
8/23/1996,1.485
8/26/1996,1.48
8/27/1996,1.479
8/28/1996,1.476
8/29/1996,1.482
8/30/1996,1.48
9/3/1996,1.484
9/4/1996,1.483
9/5/1996,1.485
9/6/1996,1.492
9/9/1996,1.494
9/10/1996,1.508
9/11/1996,1.509
9/12/1996,1.515
9/13/1996,1.512
9/16/1996,1.511
9/17/1996,1.516
9/18/1996,1.51
9/19/1996,1.515
9/20/1996,1.515
9/23/1996,1.511
9/24/1996,1.514
9/25/1996,1.512
9/26/1996,1.523
9/27/1996,1.525
9/30/1996,1.527
10/1/1996,1.526
10/2/1996,1.528
10/3/1996,1.529
10/4/1996,1.53
10/7/1996,1.531
10/8/1996,1.527
10/9/1996,1.529
10/10/1996,1.53
10/11/1996,1.531
10/15/1996,1.54
10/16/1996,1.538
10/17/1996,1.544
10/18/1996,1.542
10/21/1996,1.536
10/22/1996,1.535
10/23/1996,1.523
10/24/1996,1.522
10/25/1996,1.52
10/28/1996,1.518
10/29/1996,1.509
10/30/1996,1.51
10/31/1996,1.514
11/1/1996,1.515
11/4/1996,1.514
11/5/1996,1.521
11/6/1996,1.518
11/7/1996,1.507
11/8/1996,1.506
11/12/1996,1.501
11/13/1996,1.505
11/14/1996,1.51
11/15/1996,1.509
11/18/1996,1.501
11/19/1996,1.504
11/20/1996,1.496
11/21/1996,1.498
11/22/1996,1.505
11/25/1996,1.522
11/26/1996,1.525
11/27/1996,1.529
11/29/1996,1.538
12/2/1996,1.544
12/3/1996,1.566
12/4/1996,1.563
12/5/1996,1.553
12/6/1996,1.547
12/9/1996,1.557
12/10/1996,1.554
12/11/1996,1.549
12/12/1996,1.544
12/13/1996,1.546
12/16/1996,1.553
12/17/1996,1.546
12/18/1996,1.554
12/19/1996,1.557
12/20/1996,1.551
12/23/1996,1.557
12/24/1996,1.556
12/26/1996,1.557
12/27/1996,1.556
12/30/1996,1.558
12/31/1996,1.539
1/2/1997,1.541
1/3/1997,1.563
1/6/1997,1.567
1/7/1997,1.563
1/8/1997,1.577
1/9/1997,1.578
1/10/1997,1.586
1/13/1997,1.591
1/14/1997,1.595
1/15/1997,1.592
1/16/1997,1.595
1/17/1997,1.612
1/21/1997,1.624
1/22/1997,1.637
1/23/1997,1.641
1/24/1997,1.63
1/27/1997,1.642
1/28/1997,1.649
1/29/1997,1.643
1/30/1997,1.638
1/31/1997,1.636
2/3/1997,1.64
2/4/1997,1.644
2/5/1997,1.648
2/6/1997,1.652
2/7/1997,1.675
2/10/1997,1.656
2/11/1997,1.673
2/12/1997,1.686
2/13/1997,1.687
2/14/1997,1.686
2/18/1997,1.689
2/19/1997,1.697
2/20/1997,1.686
2/21/1997,1.689
2/24/1997,1.673
2/25/1997,1.677
2/26/1997,1.687
2/27/1997,1.689
2/28/1997,1.687
3/3/1997,1.697
3/4/1997,1.713
3/5/1997,1.713
3/6/1997,1.717
3/7/1997,1.719
3/10/1997,1.703
3/11/1997,1.704
3/12/1997,1.702
3/13/1997,1.706
3/14/1997,1.696
3/17/1997,1.69
3/18/1997,1.673
3/19/1997,1.683
3/20/1997,1.689
3/21/1997,1.688
3/24/1997,1.688
3/25/1997,1.692
3/26/1997,1.692
3/27/1997,1.675
3/28/1997,1.679
3/31/1997,1.668
4/1/1997,1.671
4/2/1997,1.675
4/3/1997,1.669
4/4/1997,1.68
4/7/1997,1.709
4/8/1997,1.712
4/9/1997,1.724
4/10/1997,1.718
4/11/1997,1.724
4/14/1997,1.725
4/15/1997,1.734
4/16/1997,1.729
4/17/1997,1.725
4/18/1997,1.713
4/21/1997,1.703
4/22/1997,1.715
4/23/1997,1.712
4/24/1997,1.717
4/25/1997,1.725
4/28/1997,1.729
4/29/1997,1.723
4/30/1997,1.733
5/1/1997,1.721
5/2/1997,1.727
5/5/1997,1.732
5/6/1997,1.723
5/7/1997,1.722
5/8/1997,1.708
5/9/1997,1.69
5/12/1997,1.704
5/13/1997,1.697
5/14/1997,1.7
5/15/1997,1.699
5/16/1997,1.693
5/19/1997,1.711
5/20/1997,1.696
5/21/1997,1.692
5/22/1997,1.694
5/23/1997,1.693
5/27/1997,1.699
5/28/1997,1.694
5/29/1997,1.7
5/30/1997,1.709
6/2/1997,1.728
6/3/1997,1.728
6/4/1997,1.731
6/5/1997,1.73
6/6/1997,1.73
6/9/1997,1.709
6/10/1997,1.72
6/11/1997,1.717
6/12/1997,1.725
6/13/1997,1.731
6/16/1997,1.731
6/17/1997,1.734
6/18/1997,1.733
6/19/1997,1.724
6/20/1997,1.73
6/23/1997,1.72
6/24/1997,1.726
6/25/1997,1.726
6/26/1997,1.727
6/27/1997,1.738
6/30/1997,1.744
7/1/1997,1.742
7/2/1997,1.753
7/3/1997,1.75
7/7/1997,1.749
7/8/1997,1.759
7/9/1997,1.762
7/10/1997,1.752
7/11/1997,1.77
7/14/1997,1.789
7/15/1997,1.803
7/16/1997,1.799
7/17/1997,1.792
7/18/1997,1.789
7/21/1997,1.795
7/22/1997,1.819
7/23/1997,1.824
7/24/1997,1.83
7/25/1997,1.835
7/28/1997,1.848
7/29/1997,1.832
7/30/1997,1.837
7/31/1997,1.838
8/1/1997,1.865
8/4/1997,1.865
8/5/1997,1.881
8/6/1997,1.879
8/7/1997,1.87
8/8/1997,1.846
8/11/1997,1.857
8/12/1997,1.868
8/13/1997,1.835
8/14/1997,1.842
8/15/1997,1.824
8/18/1997,1.824
8/19/1997,1.842
8/20/1997,1.856
8/21/1997,1.843
8/22/1997,1.815
8/25/1997,1.821
8/26/1997,1.797
8/27/1997,1.81
8/28/1997,1.798
8/29/1997,1.805
9/2/1997,1.833
9/3/1997,1.815
9/4/1997,1.818
9/5/1997,1.8
9/8/1997,1.808
9/9/1997,1.812
9/10/1997,1.798
9/11/1997,1.782
9/12/1997,1.772
9/15/1997,1.76
9/16/1997,1.768
9/17/1997,1.772
9/18/1997,1.778
9/19/1997,1.772
9/22/1997,1.796
9/23/1997,1.796
9/24/1997,1.776
9/25/1997,1.769
9/26/1997,1.762
9/29/1997,1.758
9/30/1997,1.767
10/1/1997,1.775
10/2/1997,1.772
10/3/1997,1.759
10/6/1997,1.763
10/7/1997,1.754
10/8/1997,1.753
10/9/1997,1.744
10/10/1997,1.753
10/14/1997,1.755
10/15/1997,1.75
10/16/1997,1.745
10/17/1997,1.773
10/20/1997,1.772
10/21/1997,1.789
10/22/1997,1.784
10/23/1997,1.773
10/24/1997,1.774
10/27/1997,1.763
10/28/1997,1.729
10/29/1997,1.737
10/30/1997,1.726
10/31/1997,1.722
11/3/1997,1.737
11/4/1997,1.724
11/5/1997,1.722
11/6/1997,1.72
11/7/1997,1.708
11/10/1997,1.712
11/12/1997,1.724
11/13/1997,1.721
11/14/1997,1.732
11/17/1997,1.734
11/18/1997,1.725
11/19/1997,1.735
11/20/1997,1.734
11/21/1997,1.747
11/24/1997,1.737
11/25/1997,1.744
11/26/1997,1.761
11/28/1997,1.765
12/1/1997,1.777
12/2/1997,1.775
12/3/1997,1.77
12/4/1997,1.771
12/5/1997,1.782
12/8/1997,1.787
12/9/1997,1.792
12/10/1997,1.785
12/11/1997,1.77
12/12/1997,1.773
12/15/1997,1.772
12/16/1997,1.784
12/17/1997,1.77
12/18/1997,1.775
12/19/1997,1.769
12/22/1997,1.78
12/23/1997,1.774
12/24/1997,1.773
12/26/1997,1.775
12/29/1997,1.788
12/30/1997,1.792
12/31/1997,1.799
1/2/1998,1.803
1/5/1998,1.822
1/6/1998,1.821
1/7/1998,1.824
1/8/1998,1.82
1/9/1998,1.818
1/12/1998,1.818
1/13/1998,1.82
1/14/1998,1.823
1/15/1998,1.831
1/16/1998,1.831
1/20/1998,1.843
1/21/1998,1.828
1/22/1998,1.803
1/23/1998,1.781
1/26/1998,1.794
1/27/1998,1.79
1/28/1998,1.807
1/29/1998,1.821
1/30/1998,1.832
2/2/1998,1.821
2/3/1998,1.817
2/4/1998,1.801
2/5/1998,1.788
2/6/1998,1.804
2/9/1998,1.816
2/10/1998,1.812
2/11/1998,1.819
2/12/1998,1.809
2/13/1998,1.824
2/17/1998,1.827
2/18/1998,1.82
2/19/1998,1.824
2/20/1998,1.823
2/23/1998,1.792
2/24/1998,1.8
2/25/1998,1.812
2/26/1998,1.812
2/27/1998,1.814
3/2/1998,1.813
3/3/1998,1.809
3/4/1998,1.815
3/5/1998,1.826
3/6/1998,1.836
3/9/1998,1.829
3/10/1998,1.832
3/11/1998,1.835
3/12/1998,1.827
3/13/1998,1.82
3/16/1998,1.821
3/17/1998,1.818
3/18/1998,1.829
3/19/1998,1.83
3/20/1998,1.833
3/23/1998,1.827
3/24/1998,1.828
3/25/1998,1.828
3/26/1998,1.822
3/27/1998,1.827
3/30/1998,1.847
3/31/1998,1.85
4/1/1998,1.854
4/2/1998,1.852
4/3/1998,1.852
4/6/1998,1.843
4/7/1998,1.841
4/8/1998,1.821
4/9/1998,1.82
4/10/1998,1.824
4/13/1998,1.824
4/14/1998,1.804
4/15/1998,1.799
4/16/1998,1.807
4/17/1998,1.809
4/20/1998,1.799
4/21/1998,1.789
4/22/1998,1.792
4/23/1998,1.801
4/24/1998,1.792
4/27/1998,1.788
4/28/1998,1.794
4/29/1998,1.795
4/30/1998,1.794
5/1/1998,1.778
5/4/1998,1.78
5/5/1998,1.772
5/6/1998,1.766
5/7/1998,1.764
5/8/1998,1.771
5/11/1998,1.78
5/12/1998,1.775
5/13/1998,1.778
5/14/1998,1.782
5/15/1998,1.786
5/18/1998,1.787
5/19/1998,1.784
5/20/1998,1.77
5/21/1998,1.759
5/22/1998,1.759
5/26/1998,1.768
5/27/1998,1.782
5/28/1998,1.782
5/29/1998,1.784
6/1/1998,1.779
6/2/1998,1.781
6/3/1998,1.773
6/4/1998,1.765
6/5/1998,1.775
6/8/1998,1.78
6/9/1998,1.781
6/10/1998,1.797
6/11/1998,1.804
6/12/1998,1.805
6/15/1998,1.814
6/16/1998,1.798
6/17/1998,1.787
6/18/1998,1.793
6/19/1998,1.786
6/22/1998,1.794
6/23/1998,1.803
6/24/1998,1.801
6/25/1998,1.796
6/26/1998,1.813
6/29/1998,1.814
6/30/1998,1.803
7/1/1998,1.817
7/2/1998,1.823
7/3/1998,1.819
7/6/1998,1.812
7/7/1998,1.815
7/8/1998,1.818
7/9/1998,1.831
7/10/1998,1.819
7/13/1998,1.8
7/14/1998,1.802
7/15/1998,1.801
7/16/1998,1.79
7/17/1998,1.784
7/20/1998,1.78
7/21/1998,1.79
7/22/1998,1.788
7/23/1998,1.792
7/24/1998,1.779
7/27/1998,1.784
7/28/1998,1.773
7/29/1998,1.774
7/30/1998,1.776
7/31/1998,1.779
8/3/1998,1.784
8/4/1998,1.78
8/5/1998,1.772
8/6/1998,1.768
8/7/1998,1.78
8/10/1998,1.781
8/11/1998,1.781
8/12/1998,1.775
8/13/1998,1.785
8/14/1998,1.804
8/17/1998,1.793
8/18/1998,1.799
8/19/1998,1.798
8/20/1998,1.798
8/21/1998,1.797
8/24/1998,1.795
8/25/1998,1.799
8/26/1998,1.807
8/27/1998,1.798
8/28/1998,1.772
8/31/1998,1.758
9/1/1998,1.75
9/2/1998,1.751
9/3/1998,1.728
9/4/1998,1.735
9/8/1998,1.726
9/9/1998,1.726
9/10/1998,1.692
9/11/1998,1.689
9/14/1998,1.702
9/15/1998,1.69
9/16/1998,1.692
9/17/1998,1.685
9/18/1998,1.689
9/21/1998,1.681
9/22/1998,1.683
9/23/1998,1.687
9/24/1998,1.678
9/25/1998,1.673
9/28/1998,1.678
9/29/1998,1.675
9/30/1998,1.67
10/1/1998,1.65
10/2/1998,1.643
10/5/1998,1.635
10/6/1998,1.634
10/7/1998,1.614
10/8/1998,1.606
10/9/1998,1.633
10/13/1998,1.638
10/14/1998,1.641
10/15/1998,1.626
10/16/1998,1.619
10/19/1998,1.628
10/20/1998,1.643
10/21/1998,1.644
10/22/1998,1.641
10/23/1998,1.637
10/26/1998,1.651
10/27/1998,1.654
10/28/1998,1.654
10/29/1998,1.654
10/30/1998,1.657
11/2/1998,1.653
11/3/1998,1.66
11/4/1998,1.667
11/5/1998,1.657
11/6/1998,1.669
11/9/1998,1.691
11/10/1998,1.687
11/12/1998,1.693
11/13/1998,1.689
11/16/1998,1.667
11/17/1998,1.67
11/18/1998,1.67
11/19/1998,1.685
11/20/1998,1.689
11/23/1998,1.706
11/24/1998,1.707
11/25/1998,1.704
11/27/1998,1.713
11/30/1998,1.697
12/1/1998,1.681
12/2/1998,1.672
12/3/1998,1.673
12/4/1998,1.679
12/7/1998,1.677
12/8/1998,1.672
12/9/1998,1.67
12/10/1998,1.655
12/11/1998,1.649
12/14/1998,1.65
12/15/1998,1.659
12/16/1998,1.667
12/17/1998,1.666
12/18/1998,1.665
12/21/1998,1.674
12/22/1998,1.675
12/23/1998,1.675
12/24/1998,1.684
12/28/1998,1.679
12/29/1998,1.671
12/30/1998,1.677
12/31/1998,1.667
